SEASON,PLAYER_ID,PLAYER_NAME,TEAM_ID,TEAM_ABBREVIATION,AGE,GP,MIN,FGM,FGA,FG3M,FG3A,FTM,FTA,OREB,DREB,REB,AST,TOV,STL,BLK,BLKA,PF,PFD,PTS,NBA_FANTASY_PTS,DD2,TD3,TEAM_COUNT,AST_PCT,AST_TO,AST_RATIO,OREB_PCT,DREB_PCT,REB_PCT,TM_TOV_PCT,EFG_PCT,TS_PCT,USG_PCT,PACE,PIE,POSS
2025-26,1630639,A.J. Lawson,1610612761,TOR,25.0,24,9.421458333333334,1.4166666666666667,3.25,0.7916666666666666,1.875,0.5833333333333334,0.75,0.375,1.4166666666666667,1.7916666666666667,0.2916666666666667,0.25,0.5,0.16666666666666666,0.16666666666666666,1.125,0.5833333333333334,4.208333333333333,8.545833333333333,0.0,0.0,1,0.046,1.17,7.1,0.039,0.156,0.096,6.1,0.558,0.588,0.172,99.45,0.091,19.625
2025-26,1631260,AJ Green,1610612749,MIL,26.0,78,29.101709401709403,3.358974358974359,7.923076923076923,2.9743589743589745,7.102564102564102,0.6794871794871795,0.7948717948717948,0.3717948717948718,2.358974358974359,2.730769230769231,1.9487179487179487,0.9615384615384616,0.5,0.10256410256410256,0.1794871794871795,2.2948717948717947,1.0384615384615385,10.371794871794872,17.41794871794872,0.0,0.0,1,0.09,2.03,17.6,0.013,0.08,0.046,8.7,0.612,0.627,0.135,99.28,0.058,60.30769230769231
2025-26,1642358,AJ Johnson,1610612742,DAL,21.0,48,9.446527777777778,1.1875,3.6666666666666665,0.25,1.1875,0.7083333333333334,0.8333333333333334,0.2916666666666667,0.8541666666666666,1.1458333333333333,0.9791666666666666,0.625,0.22916666666666666,0.0625,0.5,0.625,0.5625,3.3333333333333335,6.427083333333333,0.0,0.0,2,0.151,1.57,17.3,0.027,0.089,0.057,11.1,0.358,0.413,0.195,102.05,0.045,20.166666666666668
2025-26,203932,Aaron Gordon,1610612743,DEN,30.0,36,27.91550925925926,5.5,11.055555555555555,1.6944444444444444,4.361111111111111,3.4722222222222223,4.527777777777778,1.4166666666666667,4.388888888888889,5.805555555555555,2.6666666666666665,1.0555555555555556,0.5833333333333334,0.2777777777777778,0.3888888888888889,1.7222222222222223,3.361111111111111,16.166666666666668,28.66111111111111,0.1111111111111111,0.0,1,0.13,2.53,15.9,0.052,0.148,0.102,6.3,0.574,0.62,0.213,99.99,0.117,58.22222222222222
2025-26,1628988,Aaron Holiday,1610612745,HOU,29.0,57,13.697046783625732,1.8421052631578947,4.421052631578948,1.1754385964912282,2.982456140350877,0.6140350877192983,0.7192982456140351,0.22807017543859648,0.7894736842105263,1.0175438596491229,1.0526315789473684,0.6666666666666666,0.47368421052631576,0.08771929824561403,0.12280701754385964,1.263157894736842,0.8070175438596491,5.473684210526316,9.291228070175439,0.0,0.0,1,0.105,1.58,16.3,0.016,0.054,0.035,10.4,0.55,0.578,0.159,99.63,0.063,28.385964912280702
2025-26,1630174,Aaron Nesmith,1610612754,IND,26.0,45,29.665555555555557,4.711111111111111,11.377777777777778,2.3333333333333335,6.155555555555556,2.0444444444444443,2.466666666666667,1.0666666666666667,3.088888888888889,4.155555555555556,1.9111111111111112,1.4,0.5777777777777777,0.5111111111111111,0.8,2.7555555555555555,2.5555555555555554,13.8,23.520000000000003,0.0,0.0,1,0.091,1.37,12.2,0.034,0.102,0.067,9.0,0.517,0.554,0.19,103.09,0.067,63.8
2025-26,1630598,Aaron Wiggins,1610612760,OKC,27.0,65,21.75353846153846,3.5538461538461537,8.246153846153845,1.476923076923077,4.153846153846154,0.8153846153846154,1.1076923076923078,0.6307692307692307,2.4307692307692306,3.0615384615384613,1.676923076923077,1.2461538461538462,0.9230769230769231,0.4307692307692308,0.4307692307692308,1.2769230769230768,0.8923076923076924,9.4,18.404615384615383,0.0,0.0,1,0.11,1.35,14.3,0.028,0.101,0.066,10.7,0.521,0.538,0.194,101.47,0.082,45.93846153846154
2025-26,1642846,Ace Bailey,1610612762,UTA,19.0,72,27.60615740740741,5.486111111111111,12.38888888888889,1.9027777777777777,5.527777777777778,0.9166666666666666,1.2222222222222223,1.4444444444444444,2.75,4.194444444444445,1.8194444444444444,1.4861111111111112,0.8333333333333334,0.6805555555555556,0.4027777777777778,2.6805555555555554,1.1805555555555556,13.791666666666666,24.609722222222224,0.013888888888888888,0.0,1,0.098,1.22,11.2,0.048,0.097,0.072,9.2,0.52,0.533,0.21,104.58,0.069,60.236111111111114
2025-26,1642380,Adama Bal,1610612763,MEM,22.0,8,30.164375,3.5,8.5,2.25,5.5,1.125,1.25,0.75,2.375,3.125,2.375,0.75,1.125,0.125,0.5,3.375,1.375,10.375,20.6875,0.0,0.0,1,0.119,3.17,19.6,0.022,0.08,0.049,6.2,0.544,0.573,0.134,105.82,0.052,66.25
2025-26,1641737,Adem Bona,1610612755,PHI,23.0,71,17.38255868544601,1.8450704225352113,3.0985915492957745,0.028169014084507043,0.08450704225352113,1.1267605633802817,1.591549295774648,1.8028169014084507,2.5211267605633805,4.323943661971831,0.4507042253521127,0.7887323943661971,0.4225352112676056,1.1549295774647887,0.36619718309859156,2.1549295774647885,1.4225352112676057,4.845070422535211,14.653521126760564,0.014084507042253521,0.0,1,0.034,0.57,8.9,0.099,0.138,0.119,15.6,0.6,0.638,0.108,102.35,0.069,36.971830985915496
2025-26,1642876,Adou Thiero,1610612747,LAL,22.0,25,5.956133333333334,0.64,1.24,0.04,0.12,0.56,0.88,0.36,0.76,1.12,0.4,0.36,0.28,0.08,0.2,0.76,0.6,1.88,4.544,0.0,0.0,1,0.094,1.11,16.9,0.068,0.139,0.104,15.3,0.532,0.578,0.143,100.41,0.054,12.6
2025-26,1642349,Ajay Mitchell,1610612760,OKC,24.0,57,25.83856725146199,5.017543859649122,10.350877192982455,1.0701754385964912,3.087719298245614,2.473684210526316,2.8421052631578947,0.7017543859649122,2.6315789473684212,3.3333333333333335,3.6140350877192984,1.4210526315789473,1.2456140350877194,0.3157894736842105,0.45614035087719296,2.087719298245614,2.6140350877192984,13.578947368421053,26.263157894736842,0.017543859649122806,0.0,1,0.194,2.54,21.8,0.027,0.093,0.062,8.6,0.536,0.585,0.21,102.48,0.116,55.24561403508772
2025-26,201143,Al Horford,1610612744,GSW,40.0,45,21.537444444444443,3.066666666666667,7.2,1.6444444444444444,4.555555555555555,0.4888888888888889,0.5777777777777777,0.9777777777777777,3.888888888888889,4.866666666666666,2.577777777777778,0.9333333333333333,0.6666666666666666,1.1333333333333333,0.15555555555555556,1.1333333333333333,0.4666666666666667,8.266666666666667,22.439999999999998,0.0,0.0,1,0.171,2.76,23.5,0.043,0.184,0.111,8.5,0.54,0.554,0.163,101.08,0.104,45.44444444444444
2025-26,1630828,Alex Antetokounmpo,1610612749,MIL,24.0,6,3.439722222222222,0.5,1.3333333333333333,0.3333333333333333,1.1666666666666667,1.8333333333333333,2.5,0.3333333333333333,0.6666666666666666,1.0,0.16666666666666666,0.16666666666666666,0.0,0.16666666666666666,0.0,0.16666666666666666,1.1666666666666667,3.1666666666666665,4.95,0.0,0.0,1,0.083,1.0,5.9,0.083,0.138,0.113,5.9,0.5,0.651,0.314,108.15,0.196,7.666666666666667
2025-26,1627936,Alex Caruso,1610612760,OKC,32.0,56,18.22047619047619,2.267857142857143,5.357142857142857,0.9464285714285714,3.232142857142857,0.7321428571428571,0.9107142857142857,0.5,2.267857142857143,2.767857142857143,1.9642857142857142,0.8571428571428571,1.2857142857142858,0.30357142857142855,0.21428571428571427,1.2142857142857142,0.9642857142857143,6.214285714285714,16.392857142857142,0.0,0.0,1,0.145,2.29,22.8,0.028,0.113,0.073,10.0,0.512,0.54,0.152,102.74,0.093,38.982142857142854
2025-26,1631457,Alex Morales,1610612753,ORL,28.0,4,5.895833333333333,0.75,1.75,0.0,0.25,0.5,0.5,0.25,0.5,0.75,1.0,1.0,0.0,0.0,0.25,1.75,0.25,2.0,3.4,0.0,0.0,1,0.19,1.0,25.0,0.043,0.111,0.073,25.0,0.429,0.508,0.203,99.73,-0.006,12.25
2025-26,1642259,Alex Sarr,1610612764,WAS,21.0,48,27.180451388888887,6.583333333333333,13.666666666666666,1.0416666666666667,3.125,2.1041666666666665,3.0416666666666665,2.1875,5.208333333333333,7.395833333333333,2.7083333333333335,1.7083333333333333,0.8125,1.9791666666666667,1.25,2.1875,2.6041666666666665,16.3125,35.916666666666664,0.25,0.0,1,0.161,1.59,14.0,0.073,0.179,0.126,8.8,0.52,0.544,0.252,103.35,0.121,58.5
2025-26,1642918,Alijah Martin,1610612761,TOR,24.0,23,6.331086956521739,0.6956521739130435,2.1739130434782608,0.17391304347826086,0.9130434782608695,0.6521739130434783,0.8260869565217391,0.391304347826087,0.5217391304347826,0.9130434782608695,0.5217391304347826,0.34782608695652173,0.34782608695652173,0.17391304347826086,0.13043478260869565,0.5217391304347826,0.5217391304347826,2.217391304347826,5.3130434782608695,0.0,0.0,1,0.129,1.5,15.2,0.053,0.086,0.068,10.1,0.36,0.437,0.185,98.07,0.062,13.0
2025-26,1631214,Alondes Williams,1610612764,WAS,27.0,4,25.195833333333333,4.0,6.5,1.25,3.5,1.75,2.0,1.25,5.0,6.25,3.0,1.25,0.75,0.75,0.0,1.0,1.5,11.0,26.25,0.25,0.0,1,0.14,2.4,26.1,0.054,0.192,0.128,10.9,0.712,0.745,0.141,103.59,0.133,54.5
2025-26,1630578,Alperen Sengun,1610612745,HOU,23.0,72,33.301319444444445,8.097222222222221,15.597222222222221,0.5555555555555556,1.8194444444444444,3.611111111111111,5.222222222222222,2.986111111111111,5.902777777777778,8.88888888888889,6.180555555555555,3.1527777777777777,1.1805555555555556,1.0694444444444444,0.8888888888888888,3.3055555555555554,5.083333333333333,20.36111111111111,43.895833333333336,0.4722222222222222,0.05555555555555555,1,0.282,1.96,22.8,0.089,0.177,0.133,11.6,0.537,0.569,0.259,98.02,0.142,68.25
2025-26,1642873,Amari Williams,1610612738,BOS,24.0,22,6.623787878787879,0.45454545454545453,0.9090909090909091,0.0,0.0,0.45454545454545453,0.6363636363636364,0.4090909090909091,1.4090909090909092,1.8181818181818181,0.45454545454545453,0.5,0.13636363636363635,0.45454545454545453,0.09090909090909091,0.8636363636363636,0.6363636363636364,1.3636363636363635,5.5,0.0,0.0,1,0.116,0.91,21.3,0.054,0.187,0.12,23.4,0.5,0.573,0.103,102.44,0.079,14.045454545454545
2025-26,1641708,Amen Thompson,1610612745,HOU,23.0,79,37.381645569620254,7.050632911392405,13.215189873417721,0.31645569620253167,1.4683544303797469,3.848101265822785,4.936708860759493,2.9746835443037973,4.7974683544303796,7.772151898734177,5.3164556962025316,2.4050632911392404,1.5063291139240507,0.6075949367088608,0.8607594936708861,2.2151898734177213,3.721518987341772,18.265822784810126,39.503797468354435,0.25316455696202533,0.0,1,0.202,2.21,23.1,0.078,0.123,0.101,10.4,0.545,0.594,0.195,98.4,0.128,76.45569620253164
2025-26,1629599,Amir Coffey,1610612756,PHX,29.0,46,10.663079710144928,1.1956521739130435,2.4565217391304346,0.3695652173913043,1.065217391304348,0.4782608695652174,0.6086956521739131,0.41304347826086957,0.8260869565217391,1.2391304347826086,0.5869565217391305,0.1956521739130435,0.1956521739130435,0.10869565217391304,0.043478260869565216,0.6521739130434783,0.45652173913043476,3.239130434782609,6.32391304347826,0.0,0.0,2,0.076,3.0,16.9,0.039,0.073,0.057,5.6,0.562,0.594,0.117,98.4,0.068,21.76086956521739
2025-26,1643158,Andersson Garcia,1610612762,UTA,25.0,5,33.75,1.8,5.8,0.2,2.6,1.4,1.8,3.4,5.0,8.4,2.8,1.4,1.6,0.8,0.6,3.2,2.6,5.2,25.28,0.0,0.0,1,0.107,2.0,25.9,0.089,0.15,0.117,13.0,0.328,0.394,0.094,103.68,0.052,72.8
2025-26,203083,Andre Drummond,1610612755,PHI,32.0,63,19.535687830687827,2.5238095238095237,5.349206349206349,0.5079365079365079,1.4285714285714286,0.8412698412698413,1.3333333333333333,3.1746031746031744,5.26984126984127,8.444444444444445,1.2698412698412698,0.9682539682539683,0.6031746031746031,0.7777777777777778,0.3333333333333333,1.9841269841269842,1.3333333333333333,6.396825396825397,21.60952380952381,0.2698412698412698,0.0,1,0.09,1.31,15.5,0.145,0.264,0.202,11.8,0.519,0.539,0.143,100.54,0.113,40.904761904761905
2025-26,1641748,Andre Jackson Jr.,1610612749,MIL,24.0,48,8.502256944444445,0.8125,2.4791666666666665,0.3125,1.25,0.4166666666666667,0.6666666666666666,0.5208333333333334,0.9791666666666666,1.5,0.8958333333333334,0.6458333333333334,0.3958333333333333,0.08333333333333333,0.125,0.8958333333333334,0.5625,2.3541666666666665,6.289583333333333,0.0,0.0,1,0.16,1.39,20.7,0.059,0.126,0.09,14.9,0.391,0.425,0.17,100.27,0.044,17.6875
2025-26,1629614,Andrew Nembhard,1610612754,IND,26.0,57,31.326198830409353,5.842105263157895,13.210526315789474,1.8771929824561404,5.192982456140351,3.3859649122807016,4.105263157894737,0.43859649122807015,2.3684210526315788,2.807017543859649,7.666666666666667,2.4035087719298245,0.8947368421052632,0.14035087719298245,0.6666666666666666,2.210526315789474,3.2982456140350878,16.94736842105263,32.51754385964912,0.22807017543859648,0.0,1,0.37,3.19,30.6,0.013,0.075,0.044,9.6,0.513,0.564,0.233,102.27,0.111,66.64912280701755
2025-26,203952,Andrew Wiggins,1610612748,MIA,31.0,68,30.33232843137255,5.735294117647059,12.073529411764707,2.0294117647058822,4.897058823529412,1.8676470588235294,2.3823529411764706,1.6911764705882353,3.1470588235294117,4.838235294117647,2.676470588235294,1.5147058823529411,1.1176470588235294,1.0147058823529411,0.6029411764705882,2.2941176470588234,1.8529411764705883,15.367647058823529,30.070588235294117,0.029411764705882353,0.0,1,0.123,1.77,15.5,0.051,0.098,0.074,8.8,0.559,0.586,0.194,104.97,0.092,66.42647058823529
2025-26,1629014,Anfernee Simons,1610612741,CHI,27.0,55,24.944242424242425,5.181818181818182,11.781818181818181,2.6545454545454548,6.890909090909091,1.2545454545454546,1.4,0.5636363636363636,1.8909090909090909,2.4545454545454546,2.4363636363636365,1.2363636363636363,0.4909090909090909,0.14545454545454545,0.509090909090909,1.709090909090909,1.1090909090909091,14.272727272727273,21.545454545454547,0.0,0.0,2,0.151,1.97,15.3,0.021,0.075,0.047,7.7,0.552,0.576,0.227,97.42,0.096,50.74545454545454
2025-26,1641710,Anthony Black,1610612753,ORL,22.0,64,29.84453125,5.390625,12.0625,1.5625,4.6875,2.640625,3.609375,0.734375,3.078125,3.8125,3.6875,2.0625,1.421875,0.703125,0.84375,2.65625,2.921875,14.984375,29.403125,0.03125,0.0,1,0.185,1.79,19.1,0.024,0.101,0.062,10.7,0.512,0.549,0.219,101.05,0.09,62.6875
2025-26,203076,Anthony Davis,1610612764,WAS,33.0,20,31.2815,8.45,16.7,0.5,1.85,2.95,4.05,3.1,7.95,11.05,2.8,2.05,1.1,1.65,0.7,2.1,4.35,20.35,44.010000000000005,0.65,0.0,1,0.14,1.37,12.1,0.099,0.24,0.172,8.9,0.521,0.551,0.272,101.27,0.151,66.25
2025-26,1630162,Anthony Edwards,1610612750,MIN,24.0,61,35.02612021857924,9.868852459016393,20.18032786885246,3.360655737704918,8.426229508196721,5.704918032786885,7.163934426229508,0.5901639344262295,4.360655737704918,4.950819672131147,3.7049180327868854,2.8524590163934427,1.360655737704918,0.8032786885245902,0.47540983606557374,1.9344262295081966,4.459016393442623,28.80327868852459,43.94098360655738,0.03278688524590164,0.0,1,0.174,1.3,12.4,0.017,0.12,0.069,9.6,0.572,0.617,0.309,101.5,0.145,74.09836065573771
2025-26,1630264,Anthony Gill,1610612764,WAS,33.0,55,17.289939393939395,2.4545454545454546,3.909090909090909,0.3090909090909091,0.8727272727272727,0.6181818181818182,0.8363636363636363,1.0545454545454545,1.8181818181818181,2.8727272727272726,1.2545454545454546,0.6545454545454545,0.5636363636363636,0.38181818181818183,0.4,1.6,1.0545454545454545,5.836363636363636,13.347272727272728,0.0,0.0,1,0.101,1.92,20.4,0.059,0.112,0.084,10.6,0.667,0.682,0.116,104.11,0.08,37.527272727272724
2025-26,1641810,Antonio Reeves,1610612766,CHA,25.0,10,6.767666666666666,1.0,2.0,0.7,1.3,0.0,0.0,0.2,0.6,0.8,0.3,0.1,0.1,0.0,0.1,0.3,0.0,2.7,4.3100000000000005,0.0,0.0,1,0.068,3.0,12.5,0.029,0.1,0.062,4.2,0.675,0.675,0.133,93.27,0.099,13.3
2025-26,1630574,Ariel Hukporti,1610612752,NYK,24.0,54,9.221512345679011,0.8333333333333334,1.4814814814814814,0.018518518518518517,0.07407407407407407,0.48148148148148145,0.6111111111111112,1.037037037037037,1.9074074074074074,2.9444444444444446,0.5370370370370371,0.5925925925925926,0.16666666666666666,0.48148148148148145,0.14814814814814814,1.2407407407407407,0.5925925925925926,2.1666666666666665,7.857407407407408,0.0,0.0,1,0.08,0.91,18.7,0.104,0.192,0.148,20.6,0.569,0.619,0.104,100.1,0.084,19.25925925925926
2025-26,1642854,Asa Newell,1610612737,ATL,20.0,44,11.36155303030303,2.0681818181818183,3.840909090909091,0.6590909090909091,1.7045454545454546,0.36363636363636365,0.6590909090909091,1.0,1.1818181818181819,2.1818181818181817,0.5909090909090909,0.5227272727272727,0.36363636363636365,0.3409090909090909,0.3181818181818182,1.4772727272727273,0.7272727272727273,5.159090909090909,10.254545454545454,0.045454545454545456,0.0,1,0.072,1.13,11.4,0.078,0.106,0.091,10.0,0.624,0.624,0.16,105.72,0.074,25.0
2025-26,1641709,Ausar Thompson,1610612765,DET,23.0,73,25.967260273972602,4.1506849315068495,7.904109589041096,0.0821917808219178,0.3287671232876712,1.4931506849315068,2.6164383561643834,2.0547945205479454,3.671232876712329,5.726027397260274,3.1232876712328768,1.5068493150684932,2.0,0.9452054794520548,0.5753424657534246,2.712328767123288,2.095890410958904,9.876712328767123,28.761643835616436,0.0410958904109589,0.0,1,0.155,2.07,22.8,0.08,0.135,0.108,11.0,0.53,0.545,0.168,100.86,0.101,54.178082191780824
2025-26,1630559,Austin Reaves,1610612747,LAL,28.0,51,34.5421568627451,7.313725490196078,14.941176470588236,2.3137254901960786,6.431372549019608,6.333333333333333,7.2745098039215685,0.6470588235294118,4.0588235294117645,4.705882352941177,5.490196078431373,2.9607843137254903,1.0980392156862746,0.39215686274509803,0.7254901960784313,2.156862745098039,5.352941176470588,23.274509803921568,38.666666666666664,0.11764705882352941,0.0,1,0.237,1.85,20.9,0.02,0.117,0.071,11.3,0.567,0.641,0.258,100.41,0.137,72.23529411764706
2025-26,1630245,Ayo Dosunmu,1610612750,MIN,26.0,69,27.26149758454106,5.594202898550725,10.826086956521738,1.7826086956521738,4.057971014492754,1.8405797101449275,2.101449275362319,0.6811594202898551,2.753623188405797,3.4347826086956523,3.608695652173913,1.391304347826087,0.8405797101449275,0.2608695652173913,0.8405797101449275,1.8840579710144927,1.4782608695652173,14.81159420289855,26.259420289855075,0.028985507246376812,0.014492753623188406,2,0.202,2.59,21.7,0.024,0.093,0.059,8.4,0.599,0.63,0.197,103.16,0.114,58.55072463768116
2025-26,1628389,Bam Adebayo,1610612748,MIA,28.0,73,32.39294520547945,6.931506849315069,15.684931506849315,1.7397260273972603,5.47945205479452,4.506849315068493,5.794520547945205,2.041095890410959,7.986301369863014,10.027397260273972,3.1780821917808217,1.643835616438356,1.178082191780822,0.6712328767123288,0.5068493150684932,1.6712328767123288,4.616438356164384,20.10958904109589,40.81369863013699,0.4794520547945205,0.0,1,0.142,1.93,13.8,0.059,0.236,0.146,7.1,0.497,0.551,0.248,103.89,0.138,70.23287671232876
2025-26,1631248,Baylor Scheierman,1610612738,BOS,25.0,77,18.562380952380952,1.9610389610389611,4.324675324675325,1.2597402597402598,3.155844155844156,0.36363636363636365,0.4025974025974026,0.7402597402597403,2.7532467532467533,3.4935064935064934,1.5064935064935066,0.5974025974025974,0.5454545454545454,0.07792207792207792,0.05194805194805195,1.4025974025974026,0.935064935064935,5.545454545454546,13.27012987012987,0.05194805194805195,0.0,1,0.108,2.52,22.8,0.038,0.138,0.089,9.0,0.599,0.616,0.117,96.77,0.085,37.36363636363637
2025-26,1642879,Ben Saraf,1610612751,BKN,20.0,44,20.82541666666667,2.727272727272727,6.886363636363637,0.4318181818181818,2.0454545454545454,1.6590909090909092,2.0,0.45454545454545453,1.6363636363636365,2.090909090909091,3.2954545454545454,2.25,0.8636363636363636,0.18181818181818182,1.0909090909090908,1.8409090909090908,1.5909090909090908,7.545454545454546,15.884090909090908,0.0,0.0,1,0.244,1.46,24.7,0.021,0.085,0.052,16.9,0.427,0.486,0.202,100.13,0.06,43.45454545454545
2025-26,1641767,Ben Sheppard,1610612754,IND,24.0,65,21.39194871794872,2.5846153846153848,5.953846153846154,1.2923076923076924,3.5692307692307694,0.6,0.7846153846153846,0.6615384615384615,2.3384615384615386,3.0,1.7538461538461538,0.6307692307692307,0.6,0.09230769230769231,0.38461538461538464,1.7538461538461538,0.676923076923077,7.061538461538461,14.738461538461538,0.0,0.0,1,0.112,2.78,20.2,0.028,0.106,0.065,7.3,0.543,0.561,0.131,104.23,0.066,46.44615384615385
2025-26,1631097,Bennedict Mathurin,1610612746,LAC,24.0,54,30.00027777777778,5.388888888888889,12.537037037037036,1.3888888888888888,4.407407407407407,5.407407407407407,6.222222222222222,1.0185185185185186,4.407407407407407,5.425925925925926,2.388888888888889,2.185185185185185,0.7962962962962963,0.24074074074074073,0.5925925925925926,2.537037037037037,4.425925925925926,17.574074074074073,28.59444444444444,0.05555555555555555,0.0,2,0.123,1.09,12.1,0.034,0.142,0.088,11.0,0.485,0.575,0.246,101.15,0.105,63.111111111111114
2025-26,1643016,Bez Mbeng,1610612762,UTA,23.0,15,32.812333333333335,3.3333333333333335,6.666666666666667,0.4,2.066666666666667,1.0666666666666667,1.6666666666666667,1.2,2.6,3.8,4.133333333333334,1.4666666666666666,2.2666666666666666,0.3333333333333333,0.3333333333333333,3.066666666666667,1.8666666666666667,8.133333333333333,25.226666666666667,0.06666666666666667,0.06666666666666667,1,0.158,2.82,31.8,0.032,0.078,0.054,11.3,0.53,0.55,0.106,107.42,0.06,73.33333333333333
2025-26,1641731,Bilal Coulibaly,1610612764,WAS,21.0,56,26.207232142857144,4.107142857142857,9.660714285714286,1.1607142857142858,3.642857142857143,2.357142857142857,3.1607142857142856,0.8571428571428571,3.482142857142857,4.339285714285714,2.5892857142857144,1.4464285714285714,1.3392857142857142,0.9642857142857143,0.5535714285714286,2.3214285714285716,2.357142857142857,11.732142857142858,26.287499999999998,0.0,0.0,1,0.137,1.79,17.1,0.03,0.128,0.077,9.6,0.485,0.531,0.193,104.43,0.082,56.964285714285715
2025-26,202687,Bismack Biyombo,1610612759,SAS,33.0,25,5.654133333333333,0.36,0.6,0.0,0.0,0.2,0.28,0.2,0.84,1.04,0.2,0.32,0.16,0.08,0.08,1.08,0.32,0.92,2.8680000000000003,0.0,0.0,1,0.056,0.63,16.1,0.04,0.156,0.1,25.8,0.6,0.636,0.082,99.67,0.024,11.68
2025-26,1642396,Blake Hinson,1610612762,UTA,26.0,14,20.38809523809524,4.214285714285714,8.214285714285714,2.642857142857143,5.642857142857143,0.8571428571428571,1.1428571428571428,0.7857142857142857,1.5714285714285714,2.357142857142857,1.1428571428571428,0.35714285714285715,0.35714285714285715,0.14285714285714285,0.2857142857142857,1.7142857142857142,1.0,11.928571428571429,17.614285714285714,0.0,0.0,1,0.077,3.2,11.3,0.035,0.071,0.053,3.5,0.674,0.684,0.175,104.01,0.101,44.285714285714285
2025-26,1631104,Blake Wesley,1610612757,POR,23.0,31,11.639301075268817,1.8064516129032258,4.0,0.3225806451612903,1.1612903225806452,0.8387096774193549,1.5161290322580645,0.25806451612903225,1.0,1.2580645161290323,2.0,1.0,0.5161290322580645,0.16129032258064516,0.3225806451612903,1.096774193548387,1.4193548387096775,4.774193548387097,10.316129032258065,0.0,0.0,1,0.254,2.0,26.3,0.02,0.087,0.052,13.1,0.492,0.511,0.189,105.83,0.075,25.516129032258064
2025-26,1626171,Bobby Portis Jr.,1610612749,MIL,31.0,67,24.168855721393033,5.462686567164179,11.194029850746269,2.014925373134328,4.417910447761194,0.7164179104477612,1.0149253731343284,1.328358208955224,5.059701492537314,6.388059701492537,1.5671641791044777,0.9850746268656716,0.6119402985074627,0.1791044776119403,0.3283582089552239,1.6417910447761195,1.0149253731343284,13.656716417910447,25.061194029850746,0.16417910447761194,0.0,1,0.103,1.59,11.1,0.055,0.198,0.129,6.9,0.578,0.587,0.225,98.78,0.122,49.791044776119406
2025-26,1641752,Bobi Klintman,1610612765,DET,23.0,12,5.948611111111112,0.75,2.25,0.3333333333333333,1.0833333333333333,0.0,0.25,0.4166666666666667,1.1666666666666667,1.5833333333333333,0.5,0.5,0.25,0.0,0.3333333333333333,0.9166666666666666,0.4166666666666667,1.8333333333333333,4.733333333333333,0.0,0.0,1,0.128,1.0,15.0,0.056,0.179,0.113,15.0,0.407,0.388,0.18,106.92,0.039,13.333333333333334
2025-26,203992,Bogdan Bogdanović,1610612746,LAC,33.0,23,19.65478260869565,2.5652173913043477,6.608695652173913,1.434782608695652,4.130434782608695,0.8695652173913043,1.0869565217391304,0.2608695652173913,2.3043478260869565,2.5652173913043477,2.217391304347826,1.173913043478261,0.43478260869565216,0.13043478260869565,0.30434782608695654,2.0,1.173913043478261,7.434782608695652,14.360869565217392,0.0,0.0,1,0.184,1.89,21.1,0.014,0.112,0.066,11.2,0.497,0.525,0.185,96.68,0.069,39.78260869565217
2025-26,1630538,Bones Hyland,1610612750,MIN,25.0,71,16.57631455399061,2.9859154929577465,6.591549295774648,1.6338028169014085,4.211267605633803,0.9014084507042254,1.1549295774647887,0.323943661971831,1.4647887323943662,1.7887323943661972,2.647887323943662,0.9859154929577465,0.6197183098591549,0.23943661971830985,0.4084507042253521,1.6901408450704225,1.0845070422535212,8.507042253521126,16.216901408450706,0.0,0.0,1,0.222,2.69,24.8,0.018,0.085,0.051,9.2,0.577,0.599,0.197,102.82,0.101,35.46478873239437
2025-26,203078,Bradley Beal,1610612746,LAC,33.0,6,20.15277777777778,3.0,8.0,1.1666666666666667,3.1666666666666665,1.0,1.3333333333333333,0.3333333333333333,0.5,0.8333333333333334,1.6666666666666667,1.5,0.5,0.0,0.16666666666666666,2.3333333333333335,1.8333333333333333,8.166666666666666,11.666666666666666,0.0,0.0,1,0.106,1.11,14.1,0.019,0.025,0.022,12.7,0.448,0.476,0.224,97.65,0.018,41.0
2025-26,1642382,Branden Carlson,1610612760,OKC,27.0,42,11.623888888888889,2.3333333333333335,4.428571428571429,0.7380952380952381,2.0476190476190474,0.35714285714285715,0.6190476190476191,0.6904761904761905,2.261904761904762,2.9523809523809526,0.6904761904761905,0.38095238095238093,0.19047619047619047,0.6428571428571429,0.2857142857142857,0.8571428571428571,0.47619047619047616,5.761904761904762,12.459523809523809,0.07142857142857142,0.0,1,0.086,1.81,11.9,0.057,0.182,0.121,6.6,0.61,0.613,0.185,102.2,0.109,24.714285714285715
2025-26,1641764,Brandin Podziemski,1610612744,GSW,23.0,82,28.447235772357722,4.804878048780488,10.560975609756097,1.8658536585365855,5.024390243902439,2.341463414634146,2.9390243902439024,0.8780487804878049,4.2317073170731705,5.109756097560975,3.707317073170732,1.5975609756097562,1.0731707317073171,0.18292682926829268,0.35365853658536583,1.6585365853658536,2.8048780487804876,13.817073170731707,27.68048780487805,0.06097560975609756,0.0,1,0.198,2.32,21.6,0.029,0.147,0.087,9.3,0.543,0.583,0.196,101.31,0.114,60.15853658536585
2025-26,1629634,Brandon Clarke,1610612763,MEM,29.0,2,10.219166666666666,1.5,4.5,0.0,0.0,1.0,2.0,2.0,1.0,3.0,0.5,0.0,1.0,0.0,1.5,2.5,1.5,4.0,11.35,0.0,0.0,1,0.071,0.0,8.3,0.154,0.077,0.115,0.0,0.333,0.372,0.193,116.25,0.023,24.5
2025-26,1627742,Brandon Ingram,1610612761,TOR,28.0,77,33.81640692640693,7.974025974025974,16.727272727272727,1.7532467532467533,4.584415584415584,3.792207792207792,4.623376623376624,0.8181818181818182,4.766233766233766,5.584415584415584,3.688311688311688,2.4285714285714284,0.7532467532467533,0.7142857142857143,0.8961038961038961,1.922077922077922,3.5974025974025974,21.493506493506494,35.701298701298704,0.025974025974025976,0.0,1,0.169,1.52,14.9,0.024,0.144,0.083,9.8,0.529,0.573,0.264,98.87,0.121,69.6103896103896
2025-26,1641706,Brandon Miller,1610612766,CHA,23.0,65,30.28171794871795,6.984615384615385,16.06153846153846,3.1384615384615384,8.2,3.0615384615384613,3.4307692307692306,1.0769230769230769,3.830769230769231,4.907692307692308,3.3384615384615386,2.5076923076923077,1.0153846153846153,0.676923076923077,0.47692307692307695,2.769230769230769,2.6769230769230767,20.16923076923077,33.635384615384616,0.046153846153846156,0.0,1,0.173,1.33,14.3,0.034,0.122,0.078,10.8,0.533,0.574,0.272,98.44,0.113,62.292307692307695
2025-26,1630314,Brandon Williams,1610612742,DAL,26.0,66,22.161287878787878,4.409090909090909,9.348484848484848,0.5454545454545454,2.3484848484848486,3.6515151515151514,4.606060606060606,0.45454545454545453,2.4393939393939394,2.893939393939394,3.878787878787879,1.893939393939394,0.9393939393939394,0.30303030303030304,0.8333333333333334,1.5606060606060606,3.590909090909091,13.015151515151516,24.13939393939394,0.015151515151515152,0.0,1,0.256,2.05,22.5,0.019,0.105,0.062,11.0,0.501,0.572,0.242,105.52,0.115,48.71212121212121
2025-26,1641729,Brice Sensabaugh,1610612762,UTA,22.0,75,23.491555555555554,5.253333333333333,11.426666666666666,2.16,5.8933333333333335,2.2133333333333334,2.68,0.7466666666666667,2.3333333333333335,3.08,1.9066666666666667,1.6533333333333333,0.72,0.16,0.6533333333333333,1.9066666666666667,2.04,14.88,22.422666666666668,0.0,0.0,1,0.124,1.15,11.9,0.03,0.097,0.063,10.3,0.554,0.59,0.244,105.02,0.09,51.306666666666665
2025-26,1642355,Bronny James,1610612747,LAL,21.0,42,8.940277777777778,1.119047619047619,2.738095238095238,0.5238095238095238,1.3571428571428572,0.14285714285714285,0.16666666666666666,0.11904761904761904,0.42857142857142855,0.5476190476190477,1.2142857142857142,0.5952380952380952,0.4523809523809524,0.09523809523809523,0.11904761904761904,0.6666666666666666,0.23809523809523808,2.9047619047619047,6.430952380952381,0.0,0.0,1,0.195,2.04,26.3,0.014,0.05,0.032,12.9,0.504,0.517,0.163,99.45,0.058,18.761904761904763
2025-26,201572,Brook Lopez,1610612746,LAC,38.0,75,21.803644444444444,3.0933333333333333,7.226666666666667,1.52,4.226666666666667,0.7466666666666667,0.9866666666666667,0.6266666666666667,3.013333333333333,3.64,1.2933333333333332,0.8133333333333334,0.6,1.16,0.25333333333333335,2.0533333333333332,1.2533333333333334,8.453333333333333,19.227999999999998,0.013333333333333334,0.0,1,0.087,1.59,13.3,0.03,0.135,0.085,8.4,0.533,0.552,0.171,97.8,0.076,44.44
2025-26,1642964,Brooks Barnhizer,1610612760,OKC,24.0,40,8.697041666666667,0.675,1.775,0.175,0.6,0.175,0.25,0.475,1.475,1.95,0.55,0.25,0.275,0.125,0.25,0.675,0.25,1.7,5.8149999999999995,0.0,0.0,1,0.094,2.2,20.6,0.049,0.159,0.103,9.3,0.43,0.451,0.103,101.34,0.062,18.4
2025-26,1628971,Bruce Brown,1610612743,DEN,29.0,82,24.363272357723577,3.024390243902439,6.365853658536586,0.6951219512195121,1.8048780487804879,1.170731707317073,1.5365853658536586,1.0365853658536586,2.841463414634146,3.8780487804878048,2.1219512195121952,1.1097560975609757,1.0365853658536586,0.24390243902439024,0.5121951219512195,2.3780487804878048,1.1829268292682926,7.914634146341464,18.48292682926829,0.012195121951219513,0.0,1,0.121,1.91,20.6,0.043,0.109,0.077,10.8,0.53,0.562,0.142,100.24,0.069,50.69512195121951
2025-26,1631121,Bryce McGowens,1610612740,NOP,23.0,42,20.95079365079365,2.7142857142857144,5.642857142857143,0.9047619047619048,2.2142857142857144,1.7619047619047619,2.261904761904762,0.2857142857142857,1.8095238095238095,2.0952380952380953,1.4761904761904763,0.40476190476190477,0.6428571428571429,0.19047619047619047,0.5,2.0952380952380953,2.0238095238095237,8.095238095238095,14.91904761904762,0.0,0.0,1,0.091,3.65,17.3,0.013,0.082,0.047,4.7,0.561,0.61,0.136,103.45,0.067,45.142857142857146
2025-26,1642267,Bub Carrington,1610612764,WAS,20.0,82,27.690853658536586,3.8292682926829267,9.036585365853659,2.0609756097560976,5.048780487804878,0.9878048780487805,1.353658536585366,0.4024390243902439,2.9634146341463414,3.3658536585365852,4.646341463414634,2.3292682926829267,0.6341463414634146,0.2073170731707317,0.24390243902439024,2.2439024390243905,1.3658536585365855,10.707317073170731,21.910975609756097,0.0,0.0,1,0.231,1.99,28.2,0.013,0.104,0.058,14.1,0.538,0.556,0.174,103.8,0.072,59.91463414634146
2025-26,1631205,Buddy Boeheim,1610612760,OKC,26.0,4,3.7508333333333335,0.5,1.5,0.5,1.5,0.0,0.0,0.0,0.0,0.0,0.0,0.0,0.0,0.0,0.25,0.25,0.25,1.5,1.5,0.0,0.0,1,0.0,0.0,0.0,0.0,0.0,0.0,0.0,0.5,0.5,0.158,97.58,0.028,8.0
2025-26,1627741,Buddy Hield,1610612737,ATL,33.0,51,16.064150326797385,2.803921568627451,6.411764705882353,1.4509803921568627,4.1568627450980395,0.5882352941176471,0.7254901960784313,0.5294117647058824,1.7450980392156863,2.2745098039215685,1.392156862745098,0.9411764705882353,0.7647058823529411,0.17647058823529413,0.21568627450980393,1.1176470588235294,0.3137254901960784,7.647058823529412,14.347058823529412,0.0,0.0,2,0.129,1.48,15.4,0.032,0.106,0.069,10.4,0.55,0.568,0.192,103.88,0.085,34.76470588235294
2025-26,1643047,CJ Huntley,1610612756,PHX,24.0,4,10.1,1.5,2.75,0.0,0.75,0.0,0.0,0.5,0.75,1.25,0.5,0.0,0.25,0.0,0.25,0.5,0.0,3.0,6.0,0.0,0.0,1,0.053,0.0,15.4,0.053,0.081,0.067,0.0,0.545,0.545,0.107,100.99,0.061,21.25
2025-26,203468,CJ McCollum,1610612737,ATL,34.0,76,29.781206140350875,6.907894736842105,15.18421052631579,2.513157894736842,6.7105263157894735,2.4078947368421053,3.1184210526315788,0.8157894736842105,2.5,3.3157894736842106,3.8552631578947367,1.7763157894736843,0.8421052631578947,0.4605263157894737,0.5921052631578947,1.894736842105263,2.223684210526316,18.736842105263158,30.63026315789474,0.0,0.0,2,0.194,2.17,17.5,0.025,0.077,0.051,8.1,0.538,0.566,0.247,103.12,0.105,64.07894736842105
2025-26,1630595,Cade Cunningham,1610612765,DET,24.0,64,33.932369791666666,8.5625,18.578125,1.953125,5.71875,4.84375,5.96875,0.875,4.671875,5.546875,9.90625,3.6875,1.4375,0.84375,1.09375,3.0625,4.640625,23.921875,48.59375,0.59375,0.046875,1,0.43,2.69,28.6,0.025,0.132,0.079,10.7,0.513,0.564,0.296,100.94,0.159,71.328125
2025-26,1631216,Caleb Houstan,1610612737,ATL,23.0,18,4.192592592592593,0.7777777777777778,1.4444444444444444,0.6111111111111112,1.1666666666666667,0.16666666666666666,0.16666666666666666,0.2777777777777778,0.3333333333333333,0.6111111111111112,0.2222222222222222,0.2222222222222222,0.1111111111111111,0.05555555555555555,0.05555555555555555,0.6111111111111112,0.1111111111111111,2.3333333333333335,3.677777777777778,0.0,0.0,1,0.083,1.0,11.4,0.066,0.081,0.073,11.4,0.75,0.769,0.168,106.86,0.103,9.38888888888889
2025-26,1631126,Caleb Love,1610612757,POR,24.0,49,20.66547619047619,3.877551020408163,10.0,1.8979591836734695,5.959183673469388,0.7346938775510204,1.0,0.5102040816326531,1.816326530612245,2.326530612244898,2.510204081632653,1.2653061224489797,0.5510204081632653,0.08163265306122448,0.6938775510204082,0.9795918367346939,0.7346938775510204,10.387755102040817,17.577551020408162,0.0,0.0,1,0.187,1.98,17.6,0.023,0.083,0.053,8.9,0.483,0.497,0.228,102.91,0.079,44.38775510204081
2025-26,1628997,Caleb Martin,1610612742,DAL,30.0,58,14.76227011494253,1.4655172413793103,3.2586206896551726,0.3448275862068966,0.9827586206896551,0.6379310344827587,1.0517241379310345,0.4827586206896552,1.9827586206896552,2.4655172413793105,1.396551724137931,0.6896551724137931,0.6896551724137931,0.25862068965517243,0.25862068965517243,1.4827586206896552,1.0344827586206897,3.913793103448276,11.12241379310345,0.0,0.0,1,0.131,2.03,23.9,0.03,0.125,0.077,11.8,0.503,0.526,0.122,105.2,0.063,32.172413793103445
2025-26,1642353,Cam Christie,1610612746,LAC,20.0,55,8.722727272727273,0.9636363636363636,2.5272727272727273,0.21818181818181817,0.8909090909090909,0.6909090909090909,0.9090909090909091,0.34545454545454546,1.0727272727272728,1.4181818181818182,0.5636363636363636,0.4,0.2909090909090909,0.05454545454545454,0.2545454545454545,0.34545454545454546,0.5454545454545454,2.8363636363636364,6.0200000000000005,0.0,0.0,1,0.097,1.41,14.4,0.044,0.118,0.084,10.2,0.424,0.484,0.168,97.75,0.071,17.70909090909091
2025-26,1642285,Cam Spencer,1610612763,MEM,26.0,72,23.811828703703704,3.6527777777777777,7.722222222222222,2.0277777777777777,4.513888888888889,1.75,1.8611111111111112,0.5555555555555556,1.9861111111111112,2.5416666666666665,5.555555555555555,1.2916666666666667,0.7222222222222222,0.1527777777777778,0.2361111111111111,1.4305555555555556,1.3055555555555556,11.083333333333334,23.799999999999997,0.08333333333333333,0.0,1,0.332,4.3,36.6,0.022,0.082,0.051,8.5,0.604,0.649,0.166,101.59,0.12,50.65277777777778
2025-26,1630560,Cam Thomas,1610612749,MIL,24.0,42,20.964920634920635,4.5,10.976190476190476,1.2380952380952381,4.0,3.261904761904762,4.023809523809524,0.2619047619047619,1.4285714285714286,1.6904761904761905,2.5714285714285716,1.7619047619047619,0.21428571428571427,0.09523809523809523,0.6666666666666666,1.0238095238095237,3.5476190476190474,13.5,18.552380952380954,0.0,0.0,2,0.208,1.46,15.1,0.012,0.071,0.041,10.4,0.466,0.53,0.295,96.65,0.089,42.23809523809524
2025-26,1641715,Cam Whitmore,1610612764,WAS,21.0,21,16.856349206349208,3.6666666666666665,8.047619047619047,0.7619047619047619,2.6666666666666665,1.0952380952380953,1.4761904761904763,0.9047619047619048,1.8571428571428572,2.761904761904762,0.7142857142857143,0.8571428571428571,0.7142857142857143,0.38095238095238093,0.9523809523809523,1.1904761904761905,1.0,9.19047619047619,16.004761904761907,0.0,0.0,1,0.067,0.83,7.0,0.049,0.102,0.075,8.4,0.503,0.528,0.225,105.84,0.082,37.19047619047619
2025-26,1629661,Cameron Johnson,1610612743,DEN,30.0,54,30.500586419753088,4.222222222222222,8.796296296296296,2.037037037037037,4.7407407407407405,1.7407407407407407,2.074074074074074,0.7962962962962963,3.0185185185185186,3.814814814814815,2.4444444444444446,0.8703703703703703,0.7407407407407407,0.3888888888888889,0.5,2.314814814814815,1.6111111111111112,12.222222222222221,22.985185185185188,0.018518518518518517,0.0,1,0.098,2.81,18.8,0.027,0.095,0.063,6.7,0.596,0.629,0.144,101.38,0.075,64.51851851851852
2025-26,1626166,Cameron Payne,1610612755,PHI,31.0,22,17.01530303030303,2.5454545454545454,6.7727272727272725,1.4545454545454546,4.409090909090909,0.8636363636363636,1.0,0.13636363636363635,1.8636363636363635,2.0,2.6363636363636362,0.5,1.0909090909090908,0.3181818181818182,0.36363636363636365,1.3636363636363635,1.0,7.409090909090909,17.490909090909092,0.045454545454545456,0.0,1,0.22,5.27,25.4,0.007,0.103,0.055,4.8,0.483,0.514,0.183,104.63,0.096,37.13636363636363
2025-26,1627747,Caris LeVert,1610612765,DET,31.0,60,19.24025,2.716666666666667,6.516666666666667,1.0,3.0,0.95,1.4,0.38333333333333336,1.5666666666666667,1.95,2.65,1.3666666666666667,0.85,0.6833333333333333,0.3333333333333333,1.5166666666666666,1.2666666666666666,7.383333333333334,16.931666666666665,0.0,0.0,1,0.202,1.94,23.8,0.018,0.074,0.047,12.3,0.494,0.518,0.178,101.1,0.081,40.31666666666667
2025-26,1642868,Carter Bryant,1610612759,SAS,20.0,71,11.519225352112676,1.5211267605633803,3.732394366197183,0.7323943661971831,2.183098591549296,0.4225352112676056,0.5915492957746479,0.5352112676056338,1.971830985915493,2.507042253521127,0.6619718309859155,0.4647887323943662,0.22535211267605634,0.323943661971831,0.18309859154929578,1.323943661971831,0.39436619718309857,4.197183098591549,9.381690140845071,0.0,0.0,1,0.08,1.42,12.9,0.044,0.154,0.1,9.1,0.506,0.526,0.158,102.06,0.071,24.380281690140844
2025-26,1641717,Cason Wallace,1610612760,OKC,22.0,77,26.572337662337663,3.272727272727273,7.584415584415584,1.3116883116883118,3.74025974025974,0.7142857142857143,0.8831168831168831,0.8181818181818182,2.272727272727273,3.090909090909091,2.5974025974025974,0.948051948051948,1.948051948051948,0.36363636363636365,0.5194805194805194,2.0,0.8181818181818182,8.571428571428571,22.163636363636364,0.012987012987012988,0.0,1,0.127,2.74,22.5,0.031,0.079,0.056,8.2,0.518,0.538,0.141,101.76,0.076,56.298701298701296
2025-26,1642907,Cedric Coward,1610612763,MEM,22.0,62,25.773333333333333,4.919354838709677,10.451612903225806,1.5,4.435483870967742,2.2580645161290325,2.6774193548387095,1.3387096774193548,4.532258064516129,5.870967741935484,2.7580645161290325,1.6935483870967742,0.6451612903225806,0.43548387096774194,0.7419354838709677,2.032258064516129,2.1451612903225805,13.596774193548388,26.32741935483871,0.11290322580645161,0.0,1,0.154,1.63,17.2,0.05,0.16,0.106,10.6,0.542,0.585,0.207,104.31,0.11,56.096774193548384
2025-26,1643052,Chaney Johnson,1610612751,BKN,24.0,17,20.44607843137255,3.0,5.529411764705882,0.5294117647058824,1.7647058823529411,1.6470588235294117,2.0588235294117645,1.9411764705882353,2.7058823529411766,4.647058823529412,2.1176470588235294,1.1764705882352942,0.8823529411764706,0.5294117647058824,0.4117647058823529,3.0,1.411764705882353,8.176470588235293,19.988235294117647,0.058823529411764705,0.0,1,0.165,1.8,21.6,0.096,0.146,0.12,12.0,0.59,0.635,0.16,101.29,0.099,42.8235294117647
2025-26,1629646,Charles Bassey,1610612744,GSW,25.0,13,11.746410256410257,2.3846153846153846,3.6153846153846154,0.0,0.0,1.0769230769230769,1.5384615384615385,1.7692307692307692,2.6153846153846154,4.384615384615385,0.5384615384615384,0.46153846153846156,0.3076923076923077,0.8461538461538461,0.3076923076923077,1.4615384615384615,1.2307692307692308,5.846153846153846,14.915384615384616,0.15384615384615385,0.0,4,0.078,1.17,10.3,0.139,0.236,0.184,8.8,0.66,0.681,0.161,101.22,0.136,24.692307692307693
2025-26,1642404,Chaz Lanier,1610612765,DET,24.0,34,7.706029411764706,0.8235294117647058,2.6176470588235294,0.5588235294117647,1.9705882352941178,0.14705882352941177,0.17647058823529413,0.23529411764705882,0.4411764705882353,0.6764705882352942,0.5,0.08823529411764706,0.20588235294117646,0.0,0.08823529411764706,0.35294117647058826,0.11764705882352941,2.3529411764705883,4.444117647058824,0.0,0.0,1,0.085,5.67,15.3,0.029,0.055,0.042,2.7,0.421,0.436,0.147,102.32,0.045,16.352941176470587
2025-26,1631096,Chet Holmgren,1610612760,OKC,24.0,69,28.945917874396137,6.2898550724637685,11.289855072463768,1.2753623188405796,3.5217391304347827,3.260869565217391,4.115942028985507,1.8840579710144927,7.0144927536231885,8.898550724637682,1.6666666666666667,1.5507246376811594,0.6231884057971014,1.8985507246376812,0.7536231884057971,2.289855072463768,3.7681159420289854,17.115942028985508,36.30869565217392,0.34782608695652173,0.0,1,0.082,1.07,10.2,0.067,0.221,0.149,9.5,0.614,0.653,0.214,101.09,0.154,60.971014492753625
2025-26,1628449,Chris Boucher,1610612738,BOS,33.0,9,10.461111111111112,0.8888888888888888,2.7777777777777777,0.2222222222222222,1.6666666666666667,0.3333333333333333,0.4444444444444444,0.2222222222222222,1.7777777777777777,2.0,0.3333333333333333,0.1111111111111111,0.5555555555555556,0.7777777777777778,0.1111111111111111,1.8888888888888888,0.4444444444444444,2.3333333333333335,9.122222222222222,0.0,0.0,1,0.042,3.0,9.7,0.019,0.151,0.086,3.2,0.36,0.392,0.128,97.12,0.04,21.0
2025-26,1641753,Chris Livingston,1610612739,CLE,22.0,3,5.808888888888888,1.3333333333333333,2.3333333333333335,0.0,1.0,0.3333333333333333,0.3333333333333333,0.0,1.0,1.0,0.3333333333333333,0.0,0.3333333333333333,0.0,0.0,1.3333333333333333,0.3333333333333333,3.0,5.7,0.0,0.0,1,0.091,0.0,12.5,0.0,0.176,0.1,0.0,0.571,0.605,0.189,101.91,0.104,12.0
2025-26,1643024,Chris Mañon,1610612747,LAL,24.0,9,5.120555555555556,0.2222222222222222,0.6666666666666666,0.0,0.3333333333333333,0.3333333333333333,0.4444444444444444,0.2222222222222222,0.8888888888888888,1.1111111111111112,0.3333333333333333,0.1111111111111111,0.5555555555555556,0.2222222222222222,0.0,0.6666666666666666,0.3333333333333333,0.7777777777777778,4.833333333333333,0.0,0.0,1,0.091,3.0,25.0,0.043,0.14,0.096,8.3,0.333,0.451,0.081,99.99,0.086,10.777777777777779
2025-26,101108,Chris Paul,1610612746,LAC,41.0,16,14.2209375,1.125,3.5,0.625,1.875,0.0625,0.125,0.375,1.375,1.75,3.3125,1.0,0.6875,0.0,0.1875,1.4375,0.4375,2.9375,11.06875,0.0,0.0,1,0.351,3.31,42.4,0.026,0.101,0.062,12.8,0.411,0.413,0.135,98.62,0.064,29.125
2025-26,1642959,Chris Youngblood,1610612757,POR,24.0,34,5.443872549019608,0.6470588235294118,1.8529411764705883,0.5294117647058824,1.588235294117647,0.2647058823529412,0.29411764705882354,0.20588235294117646,0.6176470588235294,0.8235294117647058,0.35294117647058826,0.058823529411764705,0.11764705882352941,0.08823529411764706,0.058823529411764705,0.6470588235294118,0.2647058823529412,2.088235294117647,4.164705882352941,0.0,0.0,2,0.092,6.0,14.8,0.039,0.095,0.07,2.5,0.492,0.527,0.162,101.66,0.059,11.529411764705882
2025-26,1631128,Christian Braun,1610612743,DEN,25.0,44,31.798598484848483,4.590909090909091,8.840909090909092,0.9772727272727273,3.25,1.7954545454545454,2.2954545454545454,1.3863636363636365,3.409090909090909,4.795454545454546,2.727272727272727,0.9772727272727273,0.6818181818181818,0.2727272727272727,0.7045454545454546,2.340909090909091,1.6818181818181819,11.954545454545455,23.686363636363637,0.0,0.0,1,0.108,2.79,20.1,0.046,0.101,0.075,7.2,0.575,0.607,0.142,101.38,0.076,67.0909090909091
2025-26,1631132,Christian Koloko,1610612737,ATL,26.0,27,13.209938271604939,1.1481481481481481,2.740740740740741,0.037037037037037035,0.3333333333333333,0.37037037037037035,0.5555555555555556,1.1481481481481481,1.8518518518518519,3.0,0.6666666666666666,0.5925925925925926,0.5185185185185185,0.8518518518518519,0.5185185185185185,1.7777777777777777,0.6666666666666666,2.7037037037037037,10.822222222222221,0.0,0.0,3,0.064,1.13,15.7,0.08,0.125,0.103,13.9,0.426,0.453,0.109,104.9,0.046,28.814814814814813
2025-26,1642935,Chucky Hepburn,1610612761,TOR,23.0,2,6.616666666666666,0.0,3.0,0.0,2.5,0.0,0.0,0.0,0.5,0.5,1.0,0.5,0.5,0.0,0.0,1.0,0.5,0.0,3.1,0.0,0.0,1,0.286,2.0,22.2,0.0,0.067,0.029,11.1,0.0,0.0,0.219,99.75,-0.1,13.0
2025-26,203991,Clint Capela,1610612745,HOU,32.0,75,12.342155555555555,1.5733333333333333,3.026666666666667,0.013333333333333334,0.02666666666666667,0.6,1.04,2.1333333333333333,2.466666666666667,4.6,0.6666666666666666,0.5466666666666666,0.48,0.84,0.29333333333333333,0.9866666666666667,0.7733333333333333,3.76,13.693333333333333,0.013333333333333334,0.0,1,0.072,1.22,14.1,0.158,0.181,0.169,11.5,0.522,0.54,0.133,98.6,0.11,25.413333333333334
2025-26,1629632,Coby White,1610612766,CHA,26.0,50,24.99576666666667,5.56,12.46,2.3,6.36,3.94,4.82,0.34,3.06,3.4,4.0,2.56,0.5,0.1,0.7,2.22,3.7,17.36,26.68,0.02,0.0,2,0.242,1.56,19.0,0.013,0.113,0.064,12.1,0.539,0.595,0.283,101.68,0.112,53.04
2025-26,1628998,Cody Martin,1610612754,IND,30.0,4,13.795,0.5,2.5,0.0,1.25,0.75,1.5,0.25,3.25,3.5,0.5,1.0,1.0,0.5,0.25,1.25,1.25,1.75,10.2,0.0,0.0,1,0.065,0.5,10.5,0.013,0.183,0.094,21.1,0.2,0.277,0.119,105.26,0.045,29.75
2025-26,1642262,Cody Williams,1610612762,UTA,21.0,67,24.336442786069654,3.5522388059701493,7.597014925373134,0.417910447761194,1.955223880597015,1.2537313432835822,1.7761194029850746,0.9104477611940298,2.044776119402985,2.955223880597015,2.044776119402985,1.0895522388059702,0.7611940298507462,0.3880597014925373,0.6567164179104478,1.8208955223880596,1.2537313432835822,8.776119402985074,17.74776119402985,0.029850746268656716,0.0,1,0.111,1.88,17.7,0.036,0.084,0.059,9.4,0.495,0.524,0.159,105.04,0.057,53.149253731343286
2025-26,1641732,Colby Jones,1610612765,DET,24.0,1,6.816666666666666,1.0,3.0,0.0,2.0,0.0,0.0,0.0,4.0,4.0,2.0,0.0,0.0,0.0,0.0,1.0,0.0,2.0,9.8,0.0,0.0,1,0.333,0.0,40.0,0.0,0.4,0.222,0.0,0.333,0.333,0.158,105.62,0.256,15.0
2025-26,1630175,Cole Anthony,1610612749,MIL,26.0,35,15.046714285714286,2.8,6.6,0.6285714285714286,2.057142857142857,0.45714285714285713,0.7428571428571429,0.45714285714285713,2.0285714285714285,2.4857142857142858,3.4571428571428573,1.8571428571428572,0.5714285714285714,0.3142857142857143,0.3142857142857143,2.085714285714286,1.3142857142857143,6.685714285714286,15.654285714285713,0.0,0.0,1,0.354,1.86,28.3,0.029,0.126,0.078,15.2,0.472,0.483,0.244,101.99,0.082,31.942857142857143
2025-26,1630658,Colin Castleton,1610612753,ORL,26.0,4,5.345833333333333,0.5,1.25,0.0,0.0,0.25,0.25,0.5,1.5,2.0,0.25,0.5,0.25,0.0,0.25,0.5,0.5,1.25,4.275,0.0,0.0,1,0.053,0.5,12.5,0.105,0.333,0.216,25.0,0.4,0.46,0.14,96.52,0.098,10.75
2025-26,1631221,Collin Gillespie,1610612756,PHX,27.0,80,28.522520833333335,4.4,10.525,2.9,7.225,0.95,1.0875,1.1125,2.975,4.0875,4.6375,1.5625,1.2375,0.2,0.375,1.625,1.725,12.65,27.26125,0.0375,0.0,1,0.228,2.97,27.1,0.036,0.107,0.07,9.1,0.556,0.575,0.181,99.53,0.108,59.2875
2025-26,1642867,Collin Murray-Boyles,1610612761,TOR,21.0,57,21.852631578947367,3.473684210526316,6.0,0.2982456140350877,0.8771929824561403,1.2456140350877194,1.894736842105263,2.3333333333333335,2.6666666666666665,5.0,1.8596491228070176,1.0350877192982457,0.9122807017543859,0.9298245614035088,0.47368421052631576,2.5789473684210527,1.4736842105263157,8.491228070175438,21.771929824561404,0.07017543859649122,0.0,1,0.122,1.8,19.1,0.102,0.121,0.112,10.6,0.604,0.621,0.15,99.54,0.098,45.1578947368421
2025-26,1629012,Collin Sexton,1610612741,CHI,27.0,68,23.723578431372548,5.294117647058823,10.911764705882353,1.6470588235294117,4.102941176470588,3.2058823529411766,3.75,0.6029411764705882,1.6764705882352942,2.2794117647058822,3.2794117647058822,2.073529411764706,1.1176470588235294,0.14705882352941177,0.8529411764705882,2.1176470588235294,3.3823529411764706,15.441176470588236,24.816176470588236,0.014705882352941176,0.0,2,0.217,1.58,18.4,0.024,0.065,0.045,11.6,0.561,0.615,0.248,103.17,0.113,50.911764705882355
2025-26,1642843,Cooper Flagg,1610612742,DAL,19.0,70,33.483690476190475,7.985714285714286,17.057142857142857,1.0285714285714285,3.4857142857142858,4.042857142857143,4.885714285714286,1.2285714285714286,5.428571428571429,6.6571428571428575,4.514285714285714,2.3,1.2,0.9142857142857143,1.1428571428571428,2.0285714285714285,4.128571428571429,21.042857142857144,39.84571428571428,0.18571428571428572,0.0,1,0.212,1.96,17.4,0.035,0.151,0.093,8.9,0.498,0.548,0.264,102.96,0.128,71.8
2025-26,1630557,Corey Kispert,1610612737,ATL,27.0,58,18.61390804597701,3.1724137931034484,6.793103448275862,1.5,4.086206896551724,1.3275862068965518,1.6724137931034482,0.46551724137931033,1.8103448275862069,2.2758620689655173,1.5862068965517242,0.7758620689655172,0.27586206896551724,0.15517241379310345,0.3620689655172414,1.0344827586206897,1.1896551724137931,9.172413793103448,14.799999999999999,0.0,0.0,2,0.121,2.04,16.1,0.022,0.091,0.056,7.9,0.577,0.609,0.179,104.15,0.088,40.48275862068966
2025-26,1642504,Cormac Ryan,1610612749,MIL,27.0,11,24.607121212121214,4.818181818181818,9.272727272727273,2.4545454545454546,5.363636363636363,2.1818181818181817,2.3636363636363638,0.7272727272727273,1.8181818181818181,2.5454545454545454,1.7272727272727273,1.5454545454545454,1.0,0.2727272727272727,0.36363636363636365,2.4545454545454546,1.9090909090909092,14.272727272727273,22.19090909090909,0.09090909090909091,0.0,1,0.11,1.12,12.8,0.032,0.078,0.055,11.5,0.652,0.692,0.206,96.73,0.104,49.54545454545455
2025-26,1641854,Craig Porter Jr.,1610612739,CLE,26.0,64,17.932213541666666,1.8125,4.03125,0.515625,1.453125,0.375,0.625,1.328125,2.109375,3.4375,3.203125,0.921875,0.890625,0.59375,0.28125,1.09375,0.8125,4.515625,16.9765625,0.0,0.0,1,0.225,3.47,38.0,0.07,0.115,0.092,10.9,0.514,0.524,0.119,102.01,0.092,38.046875
2025-26,1642938,Curtis Jones,1610612743,DEN,24.0,10,8.771666666666667,1.1,2.7,0.6,1.8,0.1,0.2,0.2,0.9,1.1,1.0,0.2,0.4,0.0,0.1,0.6,0.3,2.9,6.720000000000001,0.0,0.0,1,0.147,5.0,25.0,0.022,0.077,0.053,5.0,0.519,0.52,0.142,100.41,0.075,18.4
2025-26,1626156,D'Angelo Russell,1610612764,WAS,30.0,26,19.029807692307692,3.6153846153846154,8.923076923076923,1.2692307692307692,4.3076923076923075,1.6538461538461537,2.3076923076923075,0.3076923076923077,2.0384615384615383,2.3461538461538463,4.0,1.8846153846153846,0.46153846153846156,0.07692307692307693,0.19230769230769232,1.1538461538461537,1.9615384615384615,10.153846153846153,18.7,0.038461538461538464,0.0,1,0.328,2.12,25.2,0.016,0.092,0.057,11.9,0.476,0.511,0.261,104.0,0.098,41.15384615384615
2025-26,1629610,DaQuan Jeffries,1610612758,SAC,28.0,3,19.96777777777778,3.6666666666666665,6.333333333333333,1.3333333333333333,3.0,1.6666666666666667,1.6666666666666667,1.0,0.6666666666666666,1.6666666666666667,0.3333333333333333,0.0,0.6666666666666666,0.0,0.3333333333333333,3.0,1.6666666666666667,10.333333333333334,14.833333333333334,0.0,0.0,1,0.025,0.0,4.5,0.042,0.038,0.041,0.0,0.684,0.731,0.141,96.96,0.078,40.333333333333336
2025-26,1641747,DaRon Holmes II,1610612743,DEN,23.0,25,8.3804,1.24,2.44,0.8,1.8,0.44,0.56,0.32,1.08,1.4,0.64,0.48,0.04,0.24,0.08,0.76,0.68,3.72,6.72,0.0,0.0,1,0.125,1.33,16.8,0.04,0.113,0.08,12.6,0.672,0.692,0.171,96.57,0.095,16.8
2025-26,1631342,Daeqwon Plowden,1610612758,SAC,27.0,32,26.386510416666667,3.75,8.71875,1.9375,5.8125,1.3125,1.53125,1.03125,2.0,3.03125,1.28125,0.8125,0.71875,0.21875,0.375,2.4375,1.3125,10.75,18.309375,0.0,0.0,1,0.065,1.58,11.3,0.037,0.08,0.057,7.2,0.541,0.572,0.157,100.96,0.057,55.34375
2025-26,1630625,Dalano Banton,1610612738,BOS,26.0,6,10.275,0.6666666666666666,2.0,0.0,0.16666666666666666,0.6666666666666666,0.6666666666666666,0.3333333333333333,0.5,0.8333333333333334,1.8333333333333333,1.3333333333333333,0.3333333333333333,0.8333333333333334,0.5,0.5,0.5,2.0,7.916666666666667,0.0,0.0,2,0.268,1.38,33.3,0.034,0.043,0.039,24.2,0.333,0.436,0.152,102.38,0.051,21.666666666666668
2025-26,1631207,Dalen Terry,1610612755,PHI,23.0,48,11.479722222222222,1.4166666666666667,3.2291666666666665,0.5,1.375,0.3333333333333333,0.625,0.5416666666666666,1.25,1.7916666666666667,1.375,0.5416666666666666,0.6041666666666666,0.3125,0.16666666666666666,1.0208333333333333,0.8333333333333334,3.6666666666666665,10.0875,0.0,0.0,2,0.167,2.54,25.6,0.041,0.099,0.069,10.1,0.516,0.523,0.139,104.92,0.076,25.0
2025-26,1642261,Dalton Knecht,1610612747,LAL,25.0,54,10.239413580246913,1.6111111111111112,3.537037037037037,0.7037037037037037,2.0555555555555554,0.2962962962962963,0.4074074074074074,0.25925925925925924,1.1296296296296295,1.3888888888888888,0.3888888888888889,0.42592592592592593,0.2037037037037037,0.2037037037037037,0.2037037037037037,0.8333333333333334,0.3333333333333333,4.222222222222222,7.268518518518518,0.0,0.0,1,0.059,0.91,8.6,0.026,0.108,0.068,9.4,0.555,0.568,0.171,100.57,0.069,21.59259259259259
2025-26,1629655,Daniel Gafford,1610612742,DAL,27.0,55,21.717060606060606,3.7636363636363637,5.745454545454545,0.0,0.0,2.0,2.9272727272727272,2.5090909090909093,4.363636363636363,6.872727272727273,1.0545454545454545,1.1454545454545455,0.7636363636363637,1.2545454545454546,0.7454545454545455,2.618181818181818,2.709090909090909,9.527272727272727,24.265454545454542,0.18181818181818182,0.0,1,0.071,0.92,11.5,0.108,0.181,0.145,12.5,0.655,0.677,0.151,104.6,0.114,47.29090909090909
2025-26,1642450,Daniss Jenkins,1610612765,DET,24.0,72,20.2125,3.2222222222222223,7.888888888888889,1.0138888888888888,2.7083333333333335,1.8611111111111112,2.236111111111111,0.7083333333333334,1.5972222222222223,2.3055555555555554,3.861111111111111,1.5972222222222223,0.8888888888888888,0.20833333333333334,0.7083333333333334,1.4861111111111112,2.0277777777777777,9.319444444444445,19.572222222222223,0.041666666666666664,0.0,1,0.27,2.42,26.9,0.034,0.077,0.055,11.1,0.473,0.525,0.209,101.34,0.1,42.72222222222222
2025-26,1642874,Danny Wolf,1610612751,BKN,22.0,57,20.82739766081871,3.1228070175438596,7.719298245614035,1.1929824561403508,3.7017543859649122,1.4736842105263157,1.912280701754386,1.0,3.9298245614035086,4.9298245614035086,2.2280701754385963,1.280701754385965,0.5263157894736842,0.5614035087719298,0.5614035087719298,2.210526315789474,1.263157894736842,8.912280701754385,20.152631578947368,0.03508771929824561,0.0,1,0.178,1.74,18.4,0.046,0.195,0.117,10.6,0.482,0.521,0.201,98.09,0.096,42.45614035087719
2025-26,203967,Dario Saric,1610612758,SAC,32.0,5,8.249666666666666,0.2,1.2,0.2,0.6,0.4,0.4,0.2,1.0,1.2,0.4,0.4,0.0,0.0,0.2,0.6,0.2,1.0,2.6399999999999997,0.0,0.0,1,0.061,1.0,18.2,0.03,0.114,0.078,18.2,0.25,0.363,0.1,98.91,0.015,17.0
2025-26,1641727,Dariq Whitehead,1610612763,MEM,21.0,6,30.469444444444445,6.166666666666667,15.5,3.1666666666666665,10.0,0.8333333333333334,1.1666666666666667,0.3333333333333333,3.6666666666666665,4.0,1.5,1.6666666666666667,0.6666666666666666,0.0,0.6666666666666666,2.1666666666666665,0.8333333333333334,16.333333333333332,23.71666666666667,0.0,0.0,1,0.078,0.9,7.8,0.009,0.12,0.059,8.7,0.5,0.51,0.231,106.73,0.062,67.66666666666667
2025-26,1642468,Darius Brown II,1610612739,CLE,26.0,1,2.6666666666666665,0.0,1.0,0.0,0.0,0.0,0.0,0.0,1.0,1.0,0.0,0.0,0.0,0.0,0.0,0.0,0.0,0.0,1.2,0.0,0.0,1,0.0,0.0,0.0,0.0,1.0,0.25,0.0,0.0,0.0,0.167,90.0,0.0,5.0
2025-26,1629636,Darius Garland,1610612746,LAC,26.0,45,29.872814814814813,6.866666666666666,14.933333333333334,2.7111111111111112,6.844444444444444,2.3333333333333335,2.7111111111111112,0.4,1.9777777777777779,2.3777777777777778,6.688888888888889,2.888888888888889,0.9555555555555556,0.17777777777777778,0.6222222222222222,1.8666666666666667,2.577777777777778,18.77777777777778,32.175555555555555,0.15555555555555556,0.0,2,0.322,2.32,26.0,0.013,0.063,0.039,11.2,0.551,0.582,0.266,101.84,0.112,63.46666666666667
2025-26,1642357,David Jones Garcia,1610612759,SAS,24.0,11,6.179545454545454,1.1818181818181819,2.272727272727273,0.2727272727272727,0.45454545454545453,0.2727272727272727,0.5454545454545454,0.36363636363636365,0.8181818181818182,1.1818181818181819,1.6363636363636365,0.45454545454545453,0.5454545454545454,0.09090909090909091,0.36363636363636365,0.5454545454545454,0.7272727272727273,2.909090909090909,8.236363636363636,0.0,0.0,1,0.316,3.6,36.0,0.06,0.143,0.1,10.0,0.58,0.579,0.18,109.45,0.133,14.181818181818182
2025-26,1631223,David Roddy,1610612743,DEN,25.0,5,14.603333333333333,3.0,6.0,0.6,2.2,1.4,1.4,1.6,2.4,4.0,0.8,0.4,0.8,0.2,0.4,1.4,1.2,8.0,16.6,0.2,0.0,1,0.078,2.0,10.3,0.105,0.126,0.117,5.1,0.55,0.605,0.191,104.52,0.128,31.8
2025-26,1630558,Davion Mitchell,1610612748,MIA,27.0,70,28.57507142857143,3.7285714285714286,7.614285714285714,1.2857142857142858,3.257142857142857,0.6,0.9285714285714286,0.45714285714285713,2.2142857142857144,2.6714285714285713,6.4714285714285715,1.542857142857143,0.9714285714285714,0.15714285714285714,0.3142857142857143,2.585714285714286,1.2142857142857142,9.342857142857143,24.09857142857143,0.07142857142857142,0.0,1,0.285,4.19,40.3,0.015,0.072,0.044,9.6,0.574,0.582,0.137,103.88,0.083,61.97142857142857
2025-26,1630549,Day'Ron Sharpe,1610612751,BKN,24.0,62,18.708306451612902,3.4516129032258065,5.741935483870968,0.14516129032258066,0.6290322580645161,1.6612903225806452,2.4516129032258065,2.7580645161290325,3.903225806451613,6.661290322580645,2.338709677419355,1.7096774193548387,1.0806451612903225,0.41935483870967744,0.532258064516129,2.370967741935484,1.967741935483871,8.709677419354838,23.001612903225805,0.08064516129032258,0.0,1,0.207,1.37,21.4,0.143,0.222,0.18,15.7,0.614,0.638,0.19,98.86,0.141,38.45161290322581
2025-26,1628368,De'Aaron Fox,1610612759,SAS,28.0,72,30.98701388888889,7.069444444444445,14.541666666666666,1.8194444444444444,5.486111111111111,2.5972222222222223,3.4166666666666665,0.5833333333333334,3.1666666666666665,3.75,6.180555555555555,2.2777777777777777,1.2361111111111112,0.2638888888888889,0.75,2.25,2.638888888888889,18.555555555555557,34.548611111111114,0.1111111111111111,0.0,1,0.286,2.71,25.2,0.018,0.092,0.056,9.3,0.549,0.578,0.242,103.67,0.117,66.76388888888889
2025-26,1629631,De'Andre Hunter,1610612758,SAC,28.0,45,26.121925925925925,4.622222222222222,11.133333333333333,1.6666666666666667,5.466666666666667,2.7555555555555555,3.1777777777777776,0.6666666666666666,3.4444444444444446,4.111111111111111,2.0,1.6666666666666667,0.6666666666666666,0.13333333333333333,0.4222222222222222,2.488888888888889,3.066666666666667,13.666666666666666,22.333333333333332,0.0,0.0,2,0.11,1.2,12.4,0.023,0.127,0.074,10.3,0.49,0.545,0.218,103.39,0.077,56.28888888888889
2025-26,1629001,De'Anthony Melton,1610612744,GSW,28.0,49,22.96442176870748,4.387755102040816,10.775510204081632,1.469387755102041,5.0,2.0408163265306123,2.4693877551020407,0.7959183673469388,2.4285714285714284,3.2244897959183674,2.5510204081632653,1.8571428571428572,1.5714285714285714,0.40816326530612246,0.6326530612244898,1.8571428571428572,1.9183673469387754,12.285714285714286,24.063265306122446,0.0,0.0,1,0.164,1.37,15.7,0.033,0.108,0.07,11.4,0.475,0.518,0.244,101.48,0.09,48.57142857142857
2025-26,201599,DeAndre Jordan,1610612740,NOP,37.0,12,16.566666666666666,1.75,2.6666666666666665,0.0,0.0,0.9166666666666666,1.4166666666666667,2.1666666666666665,4.166666666666667,6.333333333333333,0.9166666666666666,0.75,0.3333333333333333,0.8333333333333334,0.4166666666666667,1.3333333333333333,1.1666666666666667,4.416666666666667,16.141666666666666,0.0,0.0,1,0.077,1.22,18.6,0.124,0.234,0.18,15.3,0.656,0.671,0.098,100.68,0.119,35.083333333333336
2025-26,1630610,DeJon Jarreau,1610612763,MEM,28.0,11,20.975757575757573,3.0,7.545454545454546,0.36363636363636365,2.727272727272727,1.6363636363636365,2.090909090909091,1.0909090909090908,3.5454545454545454,4.636363636363637,3.272727272727273,2.3636363636363638,0.9090909090909091,0.7272727272727273,0.45454545454545453,2.5454545454545454,1.7272727272727273,8.0,21.018181818181816,0.0,0.0,1,0.265,1.38,23.2,0.046,0.174,0.105,16.8,0.422,0.473,0.211,103.18,0.073,45.18181818181818
2025-26,201942,DeMar DeRozan,1610612758,SAC,36.0,77,31.240454545454543,6.48051948051948,13.051948051948052,0.6103896103896104,1.9090909090909092,4.857142857142857,5.597402597402597,0.45454545454545453,2.4805194805194803,2.935064935064935,4.103896103896104,1.2467532467532467,1.0389610389610389,0.2987012987012987,0.4935064935064935,1.9350649350649352,4.0,18.428571428571427,30.87272727272727,0.025974025974025976,0.0,1,0.196,3.29,19.8,0.015,0.081,0.047,6.0,0.52,0.594,0.222,101.26,0.111,65.92207792207792
2025-26,1629731,Dean Wade,1610612739,CLE,29.0,59,22.33361581920904,2.0677966101694913,4.711864406779661,1.2033898305084745,3.3220338983050848,0.4576271186440678,0.6440677966101694,0.8983050847457628,3.288135593220339,4.186440677966102,1.4915254237288136,0.2711864406779661,0.7457627118644068,0.3898305084745763,0.1864406779661017,1.5254237288135593,0.7457627118644068,5.796610169491525,16.19322033898305,0.01694915254237288,0.0,1,0.082,5.5,22.1,0.039,0.139,0.09,4.0,0.567,0.58,0.097,101.78,0.074,47.186440677966104
2025-26,1629028,Deandre Ayton,1610612747,LAL,27.0,72,27.199791666666666,5.597222222222222,8.347222222222221,0.0,0.0,1.2638888888888888,1.9583333333333333,2.5694444444444446,5.416666666666667,7.986111111111111,0.8194444444444444,1.1527777777777777,0.5694444444444444,0.9722222222222222,0.375,2.1805555555555554,1.625,12.458333333333334,26.743055555555557,0.3055555555555556,0.0,1,0.044,0.71,7.3,0.103,0.2,0.154,10.3,0.671,0.676,0.164,99.65,0.117,56.388888888888886
2025-26,1627749,Dejounte Murray,1610612740,NOP,29.0,14,27.815476190476193,6.285714285714286,13.0,1.3571428571428572,4.428571428571429,2.7857142857142856,3.2142857142857144,0.2857142857142857,5.071428571428571,5.357142857142857,6.357142857142857,3.357142857142857,1.6428571428571428,0.21428571428571427,0.35714285714285715,2.357142857142857,2.2142857142857144,16.714285714285715,34.892857142857146,0.07142857142857142,0.0,1,0.336,1.89,26.6,0.011,0.188,0.101,14.1,0.536,0.58,0.267,100.83,0.138,58.714285714285715
2025-26,1630166,Deni Avdija,1610612757,POR,25.0,66,33.324015151515155,7.454545454545454,16.12121212121212,1.893939393939394,5.954545454545454,7.409090909090909,9.242424242424242,1.121212121212121,5.757575757575758,6.878787878787879,6.696969696969697,3.8333333333333335,0.7727272727272727,0.6212121212121212,1.196969696969697,2.5454545454545454,6.5606060606060606,24.21212121212121,42.86060606060607,0.2878787878787879,0.045454545454545456,1,0.316,1.75,21.9,0.031,0.167,0.098,12.5,0.521,0.6,0.285,102.78,0.149,71.37878787878788
2025-26,203471,Dennis Schröder,1610612739,CLE,32.0,70,24.232833333333335,3.642857142857143,8.985714285714286,1.0714285714285714,3.257142857142857,2.442857142857143,2.9285714285714284,0.4714285714285714,2.242857142857143,2.7142857142857144,4.871428571428571,1.7714285714285714,0.7857142857142857,0.15714285714285714,0.6428571428571429,1.5571428571428572,2.442857142857143,10.8,22.42142857142857,0.04285714285714286,0.0,2,0.294,2.75,28.8,0.019,0.089,0.054,10.5,0.465,0.526,0.21,100.28,0.094,50.52857142857143
2025-26,1641726,Dereck Lively II,1610612742,DAL,22.0,7,16.467619047619046,1.5714285714285714,2.5714285714285716,0.0,0.0,1.1428571428571428,1.4285714285714286,2.0,3.2857142857142856,5.285714285714286,1.8571428571428572,1.4285714285714286,0.5714285714285714,1.5714285714285714,0.2857142857142857,3.0,1.2857142857142858,4.285714285714286,18.414285714285715,0.0,0.0,1,0.153,1.3,28.3,0.117,0.183,0.15,21.7,0.611,0.67,0.113,107.02,0.094,36.57142857142857
2025-26,1642852,Derik Queen,1610612740,NOP,21.0,81,24.98,4.37037037037037,9.234567901234568,0.2839506172839506,1.0864197530864197,2.6790123456790123,3.3703703703703702,1.6790123456790123,5.382716049382716,7.061728395061729,3.6790123456790123,2.345679012345679,1.037037037037037,0.9135802469135802,0.7530864197530864,2.654320987654321,2.7160493827160495,11.703703703703704,29.20246913580247,0.1728395061728395,0.024691358024691357,1,0.208,1.57,21.9,0.065,0.207,0.136,14.0,0.489,0.546,0.214,103.32,0.109,53.7037037037037
2025-26,1627884,Derrick Jones Jr.,1610612746,LAC,29.0,50,26.990166666666667,3.78,7.58,1.1,3.06,1.42,1.86,1.22,2.24,3.46,1.38,0.8,0.9,1.0,0.4,2.08,1.8,10.08,21.201999999999998,0.02,0.0,1,0.068,1.73,13.2,0.047,0.082,0.065,7.7,0.571,0.6,0.144,99.15,0.072,55.9
2025-26,1628401,Derrick White,1610612738,BOS,31.0,77,34.09034632034632,5.675324675324675,14.38961038961039,2.7142857142857144,8.311688311688311,2.3896103896103895,2.6493506493506493,1.1168831168831168,3.2857142857142856,4.402597402597403,5.376623376623376,1.7402597402597402,1.1428571428571428,1.2727272727272727,0.44155844155844154,1.5454545454545454,2.792207792207792,16.454545454545453,35.30909090909091,0.012987012987012988,0.0,1,0.221,3.09,23.8,0.032,0.09,0.061,7.7,0.489,0.529,0.216,96.35,0.109,68.44155844155844
2025-26,1630217,Desmond Bane,1610612753,ORL,28.0,82,33.61030487804878,7.109756097560975,14.695121951219512,2.0365853658536586,5.2073170731707314,3.8292682926829267,4.219512195121951,1.1951219512195121,2.926829268292683,4.121951219512195,4.121951219512195,2.0,1.048780487804878,0.45121951219512196,1.0,3.073170731707317,2.8048780487804876,20.085365853658537,33.71463414634146,0.012195121951219513,0.0,1,0.19,2.06,18.4,0.034,0.084,0.059,8.9,0.553,0.607,0.224,102.2,0.111,71.59756097560975
2025-26,1626164,Devin Booker,1610612756,PHX,29.0,64,33.53796875,8.53125,18.71875,1.90625,5.78125,7.09375,8.125,0.75,3.125,3.875,6.03125,3.140625,0.796875,0.28125,0.984375,2.625,6.71875,26.0625,39.853125,0.09375,0.0,1,0.293,1.92,19.3,0.021,0.091,0.055,10.1,0.507,0.585,0.307,100.72,0.142,70.5625
2025-26,1642269,Devin Carter,1610612758,SAC,24.0,38,18.417587719298247,3.1842105263157894,7.684210526315789,0.7894736842105263,3.0,1.763157894736842,2.473684210526316,0.9473684210526315,2.3421052631578947,3.289473684210526,2.6578947368421053,1.4210526315789473,0.8947368421052632,0.23684210526315788,0.34210526315789475,1.3157894736842106,2.4210526315789473,8.921052631578947,18.82894736842105,0.0,0.0,1,0.209,1.87,20.7,0.048,0.13,0.088,11.1,0.466,0.508,0.226,100.78,0.094,38.60526315789474
2025-26,1630170,Devin Vassell,1610612759,SAS,25.0,67,30.510920398009947,4.925373134328358,11.26865671641791,2.4776119402985075,6.447761194029851,1.5820895522388059,1.9402985074626866,0.582089552238806,3.4328358208955225,4.014925373134329,2.4925373134328357,0.8955223880597015,0.8507462686567164,0.373134328358209,0.26865671641791045,1.5820895522388059,1.3582089552238805,13.91044776119403,25.24328358208955,0.014925373134328358,0.0,1,0.107,2.78,16.2,0.019,0.102,0.063,5.8,0.547,0.574,0.176,101.48,0.087,64.49253731343283
2025-26,1628415,Dillon Brooks,1610612756,PHX,30.0,56,30.385416666666664,7.446428571428571,17.125,2.267857142857143,6.589285714285714,3.0357142857142856,3.607142857142857,0.7678571428571429,2.857142857142857,3.625,1.7678571428571428,1.75,1.0178571428571428,0.16071428571428573,0.5178571428571429,3.267857142857143,3.3392857142857144,20.196428571428573,28.98392857142857,0.0,0.0,1,0.095,1.01,8.0,0.024,0.094,0.058,7.9,0.501,0.54,0.279,100.54,0.088,63.57142857142857
2025-26,1641794,Dillon Jones,1610612752,NYK,24.0,7,5.626904761904762,0.2857142857142857,1.2857142857142858,0.14285714285714285,0.7142857142857143,0.5714285714285714,0.5714285714285714,0.2857142857142857,0.7142857142857143,1.0,0.5714285714285714,0.0,0.42857142857142855,0.0,0.14285714285714285,0.8571428571428571,0.2857142857142857,1.2857142857142858,4.628571428571428,0.0,0.0,1,0.108,0.0,26.7,0.05,0.135,0.091,0.0,0.278,0.418,0.111,102.37,0.053,12.285714285714286
2025-26,1627734,Domantas Sabonis,1610612758,SAC,30.0,19,29.662543859649123,6.315789473684211,11.631578947368421,0.2631578947368421,1.4210526315789473,2.9473684210526314,4.052631578947368,3.3684210526315788,8.0,11.368421052631579,4.105263157894737,2.6842105263157894,0.9473684210526315,0.21052631578947367,0.9473684210526315,3.473684210526316,3.5789473684210527,15.842105263157896,36.43157894736842,0.631578947368421,0.0,1,0.209,1.53,20.4,0.108,0.283,0.191,13.3,0.554,0.59,0.223,102.46,0.131,63.10526315789474
2025-26,1631230,Dominick Barlow,1610612755,PHI,23.0,71,23.78194835680751,3.028169014084507,5.619718309859155,0.29577464788732394,1.1549295774647887,1.323943661971831,1.8450704225352113,1.8732394366197183,2.915492957746479,4.788732394366197,1.2253521126760563,0.7887323943661971,0.8873239436619719,0.7464788732394366,0.36619718309859156,2.112676056338028,1.5070422535211268,7.676056338028169,19.37323943661972,0.028169014084507043,0.0,1,0.069,1.55,14.6,0.075,0.118,0.096,9.4,0.565,0.597,0.125,101.23,0.078,50.140845070422536
2025-26,1642270,Donovan Clingan,1610612757,POR,22.0,77,27.190086580086582,4.623376623376624,8.883116883116884,1.0909090909090908,3.1948051948051948,1.7922077922077921,2.6363636363636362,4.5064935064935066,7.077922077922078,11.584415584415584,2.103896103896104,1.2337662337662338,0.5714285714285714,1.6883116883116882,0.5324675324675324,2.3636363636363638,2.272727272727273,12.12987012987013,34.73246753246753,0.4805194805194805,0.0,1,0.112,1.71,15.7,0.149,0.254,0.199,9.2,0.582,0.604,0.163,101.86,0.139,57.753246753246756
2025-26,1628378,Donovan Mitchell,1610612739,CLE,29.0,70,33.45804761904762,9.685714285714285,20.042857142857144,3.2,8.8,5.314285714285714,6.142857142857143,0.7142857142857143,3.8,4.514285714285714,5.685714285714286,2.8285714285714287,1.4857142857142858,0.2857142857142857,0.6714285714285714,2.3285714285714287,4.614285714285714,27.885714285714286,44.317142857142855,0.07142857142857142,0.0,1,0.266,2.01,18.3,0.021,0.108,0.065,9.1,0.563,0.613,0.311,103.13,0.152,71.92857142857143
2025-26,1628978,Donte DiVincenzo,1610612750,MIN,29.0,82,30.41508130081301,4.134146341463414,10.182926829268293,2.975609756097561,7.853658536585366,0.9512195121951219,1.2804878048780488,0.8170731707317073,3.2804878048780486,4.097560975609756,3.817073170731707,1.4390243902439024,1.2682926829268293,0.4146341463414634,0.18292682926829268,2.402439024390244,1.475609756097561,12.195121951219512,26.447560975609754,0.012195121951219513,0.0,1,0.164,2.65,23.9,0.026,0.1,0.064,9.0,0.552,0.567,0.164,102.07,0.084,64.70731707317073
2025-26,1627827,Dorian Finney-Smith,1610612745,HOU,33.0,37,16.765180180180177,1.1891891891891893,3.5675675675675675,0.7297297297297297,2.7027027027027026,0.21621621621621623,0.24324324324324326,0.9459459459459459,1.5675675675675675,2.5135135135135136,0.972972972972973,0.5945945945945946,0.43243243243243246,0.16216216216216217,0.16216216216216217,1.6486486486486487,0.24324324324324326,3.324324324324324,8.98918918918919,0.0,0.0,1,0.078,1.64,18.6,0.054,0.087,0.071,11.3,0.436,0.452,0.104,99.32,0.034,34.5945945945946
2025-26,203926,Doug McDermott,1610612758,SAC,34.0,29,15.144770114942528,1.8620689655172413,4.793103448275862,1.6551724137931034,4.241379310344827,0.27586206896551724,0.3103448275862069,0.2413793103448276,1.0344827586206897,1.2758620689655173,0.7586206896551724,0.4482758620689655,0.20689655172413793,0.13793103448275862,0.034482758620689655,0.9655172413793104,0.1724137931034483,5.655172413793103,8.910344827586206,0.0,0.0,1,0.073,1.69,12.4,0.014,0.068,0.04,7.3,0.561,0.574,0.146,101.48,0.055,32.03448275862069
2025-26,1642962,Drake Powell,1610612751,BKN,20.0,63,20.944656084656085,2.2857142857142856,5.682539682539683,0.8095238095238095,2.888888888888889,1.0952380952380953,1.2222222222222223,0.3333333333333333,1.4285714285714286,1.7619047619047619,1.4444444444444444,0.9523809523809523,0.5714285714285714,0.2222222222222222,0.4126984126984127,1.4126984126984128,0.7936507936507936,6.476190476190476,12.185714285714287,0.0,0.0,1,0.113,1.52,16.8,0.016,0.07,0.042,11.0,0.473,0.521,0.149,98.56,0.053,42.92063492063492
2025-26,203110,Draymond Green,1610612744,GSW,36.0,68,27.483651960784314,3.014705882352941,7.220588235294118,1.4852941176470589,4.5588235294117645,0.8676470588235294,1.2352941176470589,0.8088235294117647,4.705882352941177,5.514705882352941,5.529411764705882,2.661764705882353,0.8970588235294118,0.6176470588235294,0.23529411764705882,2.8970588235294117,1.6470588235294117,8.382352941176471,25.176470588235293,0.029411764705882353,0.0,1,0.278,2.08,34.7,0.029,0.168,0.098,16.7,0.52,0.54,0.158,101.72,0.084,58.470588235294116
2025-26,1629234,Drew Eubanks,1610612758,SAC,29.0,42,13.149285714285714,2.2142857142857144,3.7142857142857144,0.023809523809523808,0.16666666666666666,0.7619047619047619,1.3571428571428572,0.9285714285714286,2.0952380952380953,3.0238095238095237,0.4523809523809524,0.7142857142857143,0.35714285714285715,0.6190476190476191,0.2619047619047619,1.3571428571428572,1.2142857142857142,5.214285714285714,11.735714285714286,0.023809523809523808,0.0,1,0.052,0.63,8.3,0.069,0.154,0.112,13.0,0.599,0.605,0.161,102.17,0.082,27.738095238095237
2025-26,1641809,Drew Peterson,1610612766,CHA,26.0,6,10.711388888888889,0.3333333333333333,2.6666666666666665,0.0,2.0,0.16666666666666666,0.3333333333333333,0.5,1.0,1.5,0.3333333333333333,0.0,0.5,0.16666666666666666,0.0,0.5,0.5,0.8333333333333334,5.133333333333334,0.0,0.0,1,0.044,0.0,10.5,0.041,0.107,0.069,0.0,0.125,0.148,0.108,97.84,0.0,21.833333333333332
2025-26,1631166,Drew Timme,1610612747,LAL,25.0,27,8.70672839506173,1.4074074074074074,2.4444444444444446,0.4074074074074074,0.9259259259259259,0.18518518518518517,0.3333333333333333,0.37037037037037035,0.8518518518518519,1.2222222222222223,0.8518518518518519,0.48148148148148145,0.2222222222222222,0.0,0.14814814814814814,0.7407407407407407,0.37037037037037035,3.4074074074074074,6.337037037037037,0.0,0.0,1,0.145,1.77,21.7,0.047,0.093,0.072,12.3,0.659,0.658,0.155,97.7,0.084,17.88888888888889
2025-26,1630696,Dru Smith,1610612748,MIA,28.0,70,16.304404761904763,1.9285714285714286,4.642857142857143,0.5428571428571428,1.8428571428571427,1.2428571428571429,1.5,0.8857142857142857,1.5857142857142856,2.4714285714285715,2.5714285714285716,0.7857142857142857,1.4285714285714286,0.3,0.44285714285714284,1.5571428571428572,1.2714285714285714,5.642857142857143,16.865714285714283,0.0,0.0,1,0.214,3.27,29.8,0.047,0.085,0.066,9.1,0.474,0.532,0.142,107.2,0.091,36.4
2025-26,1629130,Duncan Robinson,1610612765,DET,32.0,77,27.443614718614718,4.12987012987013,9.064935064935066,2.857142857142857,6.961038961038961,1.077922077922078,1.4285714285714286,0.37662337662337664,2.2857142857142856,2.6623376623376624,2.064935064935065,0.7012987012987013,0.5714285714285714,0.2857142857142857,0.2077922077922078,2.1818181818181817,1.4935064935064934,12.194805194805195,20.357142857142858,0.0,0.0,1,0.094,2.94,16.7,0.014,0.08,0.047,5.7,0.613,0.629,0.152,101.22,0.078,58.064935064935064
2025-26,1641871,Duop Reath,1610612757,POR,30.0,32,8.0678125,1.03125,2.3125,0.71875,1.71875,0.15625,0.1875,0.3125,0.875,1.1875,0.3125,0.21875,0.15625,0.25,0.0625,0.875,0.1875,2.9375,5.83125,0.0,0.0,1,0.059,1.43,10.8,0.037,0.095,0.067,7.5,0.601,0.613,0.13,104.4,0.067,17.5
2025-26,203939,Dwight Powell,1610612742,DAL,34.0,63,14.35574074074074,1.0317460317460319,1.6031746031746033,0.031746031746031744,0.1111111111111111,1.2380952380952381,1.7777777777777777,1.5238095238095237,2.5555555555555554,4.079365079365079,1.0793650793650793,0.6507936507936508,0.5396825396825397,0.3333333333333333,0.19047619047619047,2.111111111111111,1.6984126984126984,3.3333333333333335,11.815873015873015,0.047619047619047616,0.0,1,0.095,1.66,26.6,0.101,0.17,0.136,16.0,0.653,0.699,0.084,104.58,0.073,31.285714285714285
2025-26,1642928,Dylan Cardwell,1610612758,SAC,24.0,44,20.603143939393938,2.3863636363636362,4.068181818181818,0.045454545454545456,0.09090909090909091,0.5909090909090909,1.1590909090909092,3.340909090909091,4.204545454545454,7.545454545454546,1.4090909090909092,0.8863636363636364,0.6818181818181818,1.5227272727272727,0.4318181818181818,3.659090909090909,1.1590909090909092,5.409090909090909,22.304545454545455,0.06818181818181818,0.0,1,0.095,1.59,20.5,0.148,0.202,0.174,12.9,0.592,0.591,0.108,100.31,0.089,42.86363636363637
2025-26,1642844,Dylan Harper,1610612759,SAS,20.0,69,22.579082125603865,4.797101449275362,9.507246376811594,0.8840579710144928,2.579710144927536,1.3043478260869565,1.7246376811594204,0.782608695652174,2.608695652173913,3.391304347826087,3.8550724637681157,1.434782608695652,0.782608695652174,0.34782608695652173,0.7971014492753623,2.0144927536231885,1.3623188405797102,11.782608695652174,23.591304347826085,0.0,0.0,1,0.246,2.69,24.9,0.033,0.106,0.07,9.3,0.551,0.574,0.211,101.49,0.113,47.68115942028985
2025-26,1630700,Dyson Daniels,1610612737,ATL,23.0,76,33.15184210526316,5.2894736842105265,10.223684210526315,0.2894736842105263,1.5394736842105263,0.9868421052631579,1.605263157894737,2.4210526315789473,4.421052631578948,6.842105263157895,5.907894736842105,1.7763157894736843,1.9605263157894737,0.40789473684210525,0.5526315789473685,2.1842105263157894,1.7236842105263157,11.855263157894736,34.25657894736842,0.19736842105263158,0.02631578947368421,1,0.23,3.33,31.8,0.071,0.129,0.1,9.6,0.532,0.542,0.157,103.18,0.106,71.09210526315789
2025-26,1630604,E.J. Liddell,1610612751,BKN,25.0,26,13.430384615384614,2.076923076923077,4.269230769230769,0.6923076923076923,2.0,0.8076923076923077,1.0,0.5384615384615384,2.1153846153846154,2.6538461538461537,0.9230769230769231,0.5769230769230769,0.23076923076923078,0.38461538461538464,0.2692307692307692,1.7307692307692308,1.1153846153846154,5.653846153846154,11.492307692307692,0.038461538461538464,0.0,1,0.114,1.6,14.9,0.039,0.174,0.102,9.3,0.568,0.6,0.168,99.52,0.087,27.846153846153847
2025-26,1642856,Egor Dëmin,1610612751,BKN,20.0,52,25.157852564102562,3.4423076923076925,8.634615384615385,2.3846153846153846,6.1923076923076925,1.0384615384615385,1.25,0.40384615384615385,2.769230769230769,3.173076923076923,3.326923076923077,1.6538461538461537,0.8076923076923077,0.3269230769230769,0.3076923076923077,1.7884615384615385,1.1730769230769231,10.307692307692308,20.85576923076923,0.019230769230769232,0.0,1,0.199,2.01,23.5,0.015,0.116,0.063,11.7,0.537,0.561,0.182,99.16,0.081,51.96153846153846
2025-26,1641989,Elijah Harkless,1610612762,UTA,26.0,26,20.954358974358975,2.076923076923077,6.1923076923076925,0.8076923076923077,3.3846153846153846,1.8846153846153846,2.4615384615384617,0.38461538461538464,1.6538461538461537,2.0384615384615383,2.8846153846153846,1.0,1.1923076923076923,0.23076923076923078,0.38461538461538464,2.0,2.6923076923076925,6.846153846153846,16.888461538461538,0.038461538461538464,0.0,1,0.177,2.88,25.8,0.018,0.077,0.047,8.9,0.401,0.471,0.162,103.83,0.055,45.26923076923077
2025-26,1641801,Emanuel Miller,1610612759,SAS,26.0,5,6.609999999999999,1.2,2.6,0.4,1.2,0.2,0.4,0.2,0.4,0.6,0.8,0.0,0.4,0.0,0.0,0.4,0.2,3.0,6.12,0.0,0.0,1,0.211,0.0,22.2,0.026,0.083,0.048,0.0,0.538,0.54,0.169,103.84,0.093,14.4
2025-26,1642402,Enrique Freeman,1610612750,MIN,25.0,4,9.302083333333334,1.0,2.0,0.5,1.0,0.75,1.0,0.5,2.0,2.5,0.5,0.5,0.5,0.75,0.25,1.25,1.0,3.25,10.25,0.0,0.0,1,0.057,1.0,14.3,0.053,0.174,0.119,14.3,0.625,0.666,0.113,112.23,0.091,22.5
2025-26,201569,Eric Gordon,1610612755,PHI,37.0,6,12.291666666666666,2.0,3.5,1.3333333333333333,2.3333333333333335,0.16666666666666666,0.3333333333333333,0.16666666666666666,0.16666666666666666,0.3333333333333333,0.5,0.5,0.6666666666666666,0.16666666666666666,0.16666666666666666,0.5,0.16666666666666666,5.5,8.65,0.0,0.0,1,0.063,1.0,10.7,0.013,0.014,0.013,10.7,0.762,0.754,0.137,102.51,0.083,26.0
2025-26,1630679,Ethan Thompson,1610612754,IND,27.0,32,20.413489583333334,2.3125,6.125,1.1875,3.625,1.15625,1.46875,0.53125,1.625,2.15625,1.78125,0.78125,0.625,0.28125,0.40625,2.15625,1.40625,6.96875,14.165625,0.0,0.0,1,0.122,2.28,19.3,0.025,0.078,0.051,8.4,0.474,0.515,0.154,101.84,0.051,43.34375
2025-26,1630596,Evan Mobley,1610612739,CLE,25.0,65,31.912128205128205,7.2153846153846155,13.215384615384615,0.9538461538461539,3.2153846153846155,2.769230769230769,4.569230769230769,2.4,6.615384615384615,9.015384615384615,3.6,1.876923076923077,0.7384615384615385,1.7384615384615385,0.7384615384615385,2.4461538461538463,3.5076923076923077,18.153846153846153,39.926153846153845,0.4153846153846154,0.0,1,0.168,1.92,17.4,0.073,0.196,0.135,9.1,0.582,0.596,0.221,101.89,0.135,67.55384615384615
2025-26,1630532,Franz Wagner,1610612753,ORL,24.0,34,29.970686274509802,7.176470588235294,14.911764705882353,1.411764705882353,4.088235294117647,4.794117647058823,5.823529411764706,1.2647058823529411,3.9411764705882355,5.205882352941177,3.323529411764706,1.7058823529411764,0.9411764705882353,0.3235294117647059,1.0294117647058822,2.1176470588235294,4.5,20.558823529411764,33.879411764705885,0.0,0.0,1,0.175,1.95,14.7,0.041,0.128,0.084,7.6,0.529,0.588,0.256,104.86,0.134,65.47058823529412
2025-26,1641713,GG Jackson,1610612763,MEM,21.0,55,21.413909090909094,4.636363636363637,9.345454545454546,1.1636363636363636,3.5090909090909093,2.036363636363636,2.7454545454545456,0.8909090909090909,3.381818181818182,4.2727272727272725,1.4727272727272727,1.5454545454545454,0.5636363636363636,0.8,0.6363636363636364,1.3636363636363635,1.9090909090909092,12.472727272727273,22.354545454545455,0.01818181818181818,0.0,1,0.103,0.95,10.9,0.04,0.154,0.097,11.4,0.558,0.591,0.23,102.85,0.108,45.90909090909091
2025-26,1629216,Gabe Vincent,1610612737,ATL,30.0,53,16.586383647798744,1.4339622641509433,4.0754716981132075,1.1132075471698113,3.2641509433962264,0.37735849056603776,0.4339622641509434,0.32075471698113206,0.6981132075471698,1.0188679245283019,1.4339622641509433,0.5094339622641509,0.5094339622641509,0.05660377358490566,0.18867924528301888,1.490566037735849,0.6037735849056604,4.3584905660377355,8.920754716981133,0.0,0.0,2,0.109,2.81,23.2,0.02,0.041,0.03,8.2,0.488,0.511,0.119,101.94,0.033,35.339622641509436
2025-26,202066,Garrett Temple,1610612761,TOR,40.0,22,3.3153030303030304,0.18181818181818182,0.6818181818181818,0.13636363636363635,0.5454545454545454,0.2727272727272727,0.4090909090909091,0.045454545454545456,0.36363636363636365,0.4090909090909091,0.4090909090909091,0.3181818181818182,0.18181818181818182,0.09090909090909091,0.045454545454545456,0.2727272727272727,0.3181818181818182,0.7727272727272727,2.377272727272727,0.0,0.0,1,0.205,1.29,25.7,0.016,0.108,0.065,20.0,0.367,0.448,0.152,102.66,0.051,7.136363636363637
2025-26,1629726,Garrison Mathews,1610612754,IND,29.0,15,13.073333333333332,1.4,3.466666666666667,1.1333333333333333,3.066666666666667,1.2666666666666666,1.5333333333333334,0.13333333333333333,1.0,1.1333333333333333,0.6666666666666666,0.2,0.4,0.2,0.13333333333333333,1.2666666666666666,1.4666666666666666,5.2,9.16,0.0,0.0,1,0.069,3.33,13.5,0.01,0.076,0.042,4.1,0.567,0.628,0.134,103.91,0.072,28.333333333333332
2025-26,203914,Gary Harris,1610612749,MIL,31.0,48,13.766006944444444,0.9583333333333334,2.1666666666666665,0.5833333333333334,1.4166666666666667,0.16666666666666666,0.1875,0.3333333333333333,0.9375,1.2708333333333333,1.0625,0.3958333333333333,0.5625,0.1875,0.08333333333333333,1.1041666666666667,0.14583333333333334,2.6666666666666665,7.639583333333333,0.0,0.0,1,0.105,2.68,28.8,0.025,0.072,0.048,10.7,0.577,0.593,0.082,98.9,0.048,28.354166666666668
2025-26,1627780,Gary Payton II,1610612744,GSW,33.0,73,15.647671232876712,3.315068493150685,5.684931506849315,0.5068493150684932,1.7397260273972603,0.3561643835616438,0.547945205479452,1.3835616438356164,2.2465753424657535,3.6301369863013697,1.6849315068493151,0.8493150684931506,0.9178082191780822,0.2876712328767123,0.2054794520547945,1.8082191780821917,0.547945205479452,7.493150684931507,17.143835616438356,0.0273972602739726,0.0,1,0.164,1.98,19.9,0.084,0.143,0.113,10.0,0.628,0.632,0.177,102.7,0.114,33.15068493150685
2025-26,1629018,Gary Trent Jr.,1610612749,MIL,27.0,65,21.190487179487178,2.8153846153846156,7.276923076923077,1.8923076923076922,5.2615384615384615,0.6153846153846154,0.8,0.12307692307692308,0.9076923076923077,1.0307692307692307,1.2153846153846153,0.6307692307692307,0.5230769230769231,0.046153846153846156,0.23076923076923078,1.3076923076923077,0.7230769230769231,8.138461538461538,12.275384615384615,0.0,0.0,1,0.082,1.93,12.9,0.006,0.044,0.024,6.7,0.517,0.533,0.167,99.53,0.047,43.98461538461538
2025-26,203507,Giannis Antetokounmpo,1610612749,MIL,31.0,36,28.8675,10.36111111111111,16.61111111111111,0.4166666666666667,1.25,6.444444444444445,9.916666666666666,2.7222222222222223,7.055555555555555,9.777777777777779,5.444444444444445,3.1944444444444446,0.9444444444444444,0.6666666666666666,0.9722222222222222,2.388888888888889,8.055555555555555,27.583333333333332,49.12222222222223,0.5277777777777778,0.0,1,0.344,1.7,18.4,0.098,0.233,0.168,10.8,0.636,0.658,0.358,99.9,0.213,60.083333333333336
2025-26,1629048,Goga Bitadze,1610612753,ORL,26.0,64,15.187604166666667,2.375,3.515625,0.03125,0.171875,1.078125,1.515625,2.140625,2.859375,5.0,1.3125,0.671875,0.578125,0.953125,0.203125,2.125,1.46875,5.859375,17.75,0.046875,0.0,1,0.124,1.95,21.4,0.131,0.183,0.157,10.9,0.68,0.7,0.128,102.52,0.122,32.328125
2025-26,1641711,Gradey Dick,1610612761,TOR,22.0,76,14.035372807017543,2.1184210526315788,5.052631578947368,0.7368421052631579,2.4473684210526314,1.013157894736842,1.1578947368421053,0.5526315789473685,1.381578947368421,1.9342105263157894,0.6710526315789473,0.5526315789473685,0.5921052631578947,0.09210526315789473,0.2894736842105263,1.3289473684210527,0.8552631578947368,5.9868421052631575,10.814473684210526,0.013157894736842105,0.0,1,0.066,1.21,9.9,0.038,0.095,0.066,8.1,0.492,0.538,0.176,103.25,0.07,30.36842105263158
2025-26,1641761,Grant Nelson,1610612751,BKN,24.0,4,8.7525,1.25,2.25,0.0,0.0,1.75,2.5,0.25,1.25,1.5,1.25,1.0,0.25,1.25,0.5,1.5,2.0,4.25,11.425,0.0,0.0,1,0.217,1.25,21.7,0.029,0.167,0.094,17.4,0.556,0.634,0.222,97.34,0.1,17.75
2025-26,1629684,Grant Williams,1610612766,CHA,27.0,36,19.762592592592593,2.1666666666666665,5.083333333333333,1.4444444444444444,3.7222222222222223,1.2222222222222223,1.5,1.2777777777777777,2.6666666666666665,3.9444444444444446,1.5555555555555556,0.8611111111111112,0.4722222222222222,0.5,0.16666666666666666,1.5555555555555556,1.4444444444444444,7.0,16.12222222222222,0.0,0.0,1,0.106,1.81,19.2,0.06,0.127,0.094,10.6,0.568,0.609,0.132,99.41,0.089,41.083333333333336
2025-26,1628960,Grayson Allen,1610612756,PHX,30.0,51,28.770163398692812,5.2745098039215685,13.07843137254902,3.1176470588235294,8.92156862745098,2.823529411764706,3.2941176470588234,0.7254901960784313,2.3137254901960786,3.0392156862745097,3.823529411764706,1.6274509803921569,1.3529411764705883,0.2549019607843137,0.5882352941176471,2.2941176470588234,3.019607843137255,16.49019607843137,29.068627450980394,0.0,0.0,1,0.206,2.35,19.2,0.023,0.081,0.051,8.2,0.522,0.568,0.231,99.12,0.105,59.549019607843135
2025-26,1627824,Guerschon Yabusele,1610612741,CHI,30.0,67,15.030696517412935,1.8656716417910448,4.656716417910448,1.0298507462686568,2.925373134328358,0.8059701492537313,1.0746268656716418,0.835820895522388,2.656716417910448,3.4925373134328357,0.9402985074626866,0.6119402985074627,0.3880597014925373,0.23880597014925373,0.2537313432835821,1.208955223880597,0.8059701492537313,5.567164179104478,12.43731343283582,0.05970149253731343,0.0,2,0.087,1.54,14.1,0.052,0.17,0.11,9.2,0.511,0.543,0.155,103.86,0.077,32.56716417910448
2025-26,1630611,Gui Santos,1610612744,GSW,24.0,68,20.520049019607843,3.3823529411764706,6.764705882352941,1.1470588235294117,3.264705882352941,1.2794117647058822,1.7647058823529411,1.1029411764705883,2.8088235294117645,3.911764705882353,2.338235294117647,1.5,0.8970588235294118,0.3235294117647059,0.47058823529411764,2.088235294117647,1.75,9.191176470588236,19.554411764705883,0.04411764705882353,0.0,1,0.168,1.56,20.6,0.052,0.138,0.094,13.2,0.585,0.609,0.181,100.89,0.097,43.161764705882355
2025-26,203084,Harrison Barnes,1610612759,SAS,34.0,77,25.798376623376623,3.4025974025974026,7.467532467532467,1.8051948051948052,4.64935064935065,1.3246753246753247,1.5974025974025974,0.8051948051948052,1.9610389610389611,2.7662337662337664,1.922077922077922,0.7922077922077922,0.6493506493506493,0.15584415584415584,0.2727272727272727,1.103896103896104,1.3376623376623376,9.935064935064934,17.76103896103896,0.0,0.0,1,0.097,2.43,17.6,0.03,0.071,0.051,7.3,0.577,0.608,0.144,101.69,0.075,54.66233766233766
2025-26,1631127,Harrison Ingram,1610612759,SAS,23.0,7,3.730952380952381,0.7142857142857143,0.8571428571428571,0.14285714285714285,0.14285714285714285,0.0,0.0,0.42857142857142855,0.0,0.42857142857142855,0.14285714285714285,0.14285714285714285,0.0,0.0,0.0,0.2857142857142857,0.14285714285714285,1.5714285714285714,2.157142857142857,0.0,0.0,1,0.048,1.0,12.5,0.125,0.0,0.075,12.5,0.917,0.917,0.104,103.84,0.086,8.142857142857142
2025-26,1643060,Hayden Gray,1610612762,UTA,23.0,1,24.75,2.0,3.0,0.0,1.0,2.0,2.0,0.0,0.0,0.0,1.0,1.0,1.0,1.0,0.0,0.0,1.0,6.0,12.5,0.0,0.0,1,0.05,1.0,16.7,0.0,0.0,0.0,16.7,0.667,0.773,0.079,104.73,0.05,53.0
2025-26,1629312,Haywood Highsmith,1610612756,PHX,29.0,7,12.97,1.7142857142857142,3.2857142857142856,1.1428571428571428,2.0,0.8571428571428571,1.0,0.8571428571428571,1.0,1.8571428571428572,1.0,0.0,0.5714285714285714,0.0,0.2857142857142857,1.2857142857142858,0.7142857142857143,5.428571428571429,10.87142857142857,0.0,0.0,1,0.119,0.0,21.2,0.062,0.084,0.072,0.0,0.696,0.729,0.121,93.58,0.107,25.714285714285715
2025-26,1630529,Herbert Jones,1610612740,NOP,27.0,56,28.363958333333333,3.267857142857143,8.535714285714286,1.4285714285714286,4.625,0.8928571428571429,1.1071428571428572,0.8392857142857143,2.5535714285714284,3.392857142857143,2.767857142857143,1.3035714285714286,1.5714285714285714,0.48214285714285715,0.48214285714285715,3.1607142857142856,1.1607142857142858,8.857142857142858,21.9375,0.0,0.0,1,0.13,2.12,21.1,0.029,0.09,0.059,9.9,0.467,0.491,0.153,101.08,0.053,59.589285714285715
2025-26,1642864,Hugo González,1610612738,BOS,20.0,74,14.647702702702704,1.5810810810810811,3.324324324324324,0.5675675675675675,1.5675675675675675,0.17567567567567569,0.35135135135135137,0.8378378378378378,2.4864864864864864,3.324324324324324,0.5405405405405406,0.5135135135135135,0.5675675675675675,0.28378378378378377,0.28378378378378377,1.6756756756756757,0.7027027027027027,3.9054054054054053,10.745945945945946,0.02702702702702703,0.0,1,0.047,1.05,11.9,0.055,0.158,0.107,11.3,0.561,0.561,0.114,97.78,0.067,29.743243243243242
2025-26,1630621,Hunter Dickinson,1610612740,NOP,25.0,5,8.495666666666667,1.0,2.8,0.0,0.8,0.4,0.4,0.4,0.6,1.0,0.4,0.6,0.2,0.4,0.0,1.2,0.2,2.4,5.4,0.0,0.0,1,0.065,0.67,10.0,0.036,0.063,0.049,15.0,0.357,0.403,0.162,109.61,0.01,19.2
2025-26,1642282,Hunter Sallis,1610612755,PHI,23.0,7,3.6676190476190476,0.42857142857142855,0.7142857142857143,0.0,0.0,0.14285714285714285,0.2857142857142857,0.0,0.14285714285714285,0.14285714285714285,0.5714285714285714,0.7142857142857143,0.0,0.14285714285714285,0.0,0.2857142857142857,0.2857142857142857,1.0,1.7428571428571427,0.0,0.0,1,0.235,0.8,26.7,0.0,0.034,0.017,33.3,0.6,0.595,0.169,106.57,0.024,8.142857142857142
2025-26,1641816,Hunter Tyson,1610612743,DEN,26.0,21,7.70952380952381,0.6666666666666666,2.4761904761904763,0.3333333333333333,1.5714285714285714,0.5238095238095238,0.6190476190476191,0.19047619047619047,1.5238095238095237,1.7142857142857142,0.8095238095238095,0.23809523809523808,0.09523809523809523,0.047619047619047616,0.2857142857142857,0.6190476190476191,0.38095238095238093,2.1904761904761907,5.652380952380953,0.0,0.0,1,0.17,3.4,21.5,0.024,0.174,0.102,6.3,0.337,0.398,0.166,98.58,0.065,15.857142857142858
2025-26,1630193,Immanuel Quickley,1610612761,TOR,27.0,70,31.875833333333333,5.728571428571429,12.928571428571429,2.5428571428571427,6.8,2.4285714285714284,2.9571428571428573,0.5428571428571428,3.4857142857142858,4.0285714285714285,5.928571428571429,1.457142857142857,1.3142857142857143,0.07142857142857142,0.6,2.0142857142857142,2.657142857142857,16.428571428571427,32.855714285714285,0.11428571428571428,0.0,1,0.261,4.07,27.5,0.017,0.108,0.062,6.8,0.541,0.577,0.206,100.06,0.118,66.34285714285714
2025-26,1642403,Isaac Jones,1610612765,DET,25.0,7,5.097619047619047,0.42857142857142855,1.0,0.0,0.2857142857142857,0.42857142857142855,0.5714285714285714,0.2857142857142857,0.42857142857142855,0.7142857142857143,0.14285714285714285,0.14285714285714285,0.0,0.14285714285714285,0.14285714285714285,0.5714285714285714,0.5714285714285714,1.2857142857142858,2.642857142857143,0.0,0.0,2,0.048,1.0,9.1,0.053,0.088,0.069,9.1,0.429,0.514,0.119,96.18,0.036,10.285714285714286
2025-26,1630171,Isaac Okoro,1610612741,CHI,25.0,63,26.903015873015875,3.3492063492063493,7.285714285714286,1.1587301587301588,3.507936507936508,1.4126984126984128,1.7777777777777777,1.0952380952380953,1.6507936507936507,2.746031746031746,1.5873015873015872,0.7301587301587301,0.7301587301587301,0.4603174603174603,0.4444444444444444,2.5714285714285716,1.6984126984126984,9.26984126984127,17.787301587301585,0.0,0.0,1,0.079,2.17,15.3,0.04,0.058,0.049,7.0,0.539,0.574,0.137,103.21,0.05,57.682539682539684
2025-26,1642268,Isaiah Collier,1610612762,UTA,21.0,59,25.710508474576272,4.322033898305085,8.728813559322035,0.4576271186440678,1.694915254237288,2.559322033898305,3.542372881355932,0.3559322033898305,2.1864406779661016,2.542372881355932,7.169491525423729,2.5084745762711864,1.11864406779661,0.3389830508474576,0.9322033898305084,2.3389830508474576,2.593220338983051,11.661016949152541,27.33050847457627,0.1694915254237288,0.0,1,0.404,2.86,35.8,0.013,0.085,0.048,12.5,0.521,0.567,0.204,104.25,0.102,55.779661016949156
2025-26,1642384,Isaiah Crawford,1610612745,HOU,24.0,14,6.578571428571428,0.7142857142857143,1.7142857142857142,0.21428571428571427,0.9285714285714286,0.35714285714285715,0.42857142857142855,0.21428571428571427,0.9285714285714286,1.1428571428571428,0.35714285714285715,0.2857142857142857,0.14285714285714285,0.21428571428571427,0.14285714285714285,0.2857142857142857,0.5714285714285714,2.0,4.692857142857143,0.0,0.0,1,0.079,1.25,13.9,0.027,0.133,0.077,11.1,0.479,0.526,0.138,97.46,0.087,13.428571428571429
2025-26,1628392,Isaiah Hartenstein,1610612760,OKC,28.0,47,24.200531914893617,3.9148936170212765,6.297872340425532,0.0,0.14893617021276595,1.3617021276595744,2.234042553191489,3.1702127659574466,6.25531914893617,9.425531914893616,3.5319148936170213,1.7446808510638299,1.0212765957446808,0.7659574468085106,0.3617021276595745,2.5106382978723403,2.0638297872340425,9.191489361702128,29.417021276595744,0.23404255319148937,0.02127659574468085,1,0.189,2.02,28.2,0.13,0.243,0.188,13.9,0.622,0.631,0.153,100.69,0.143,50.702127659574465
2025-26,1630543,Isaiah Jackson,1610612746,LAC,24.0,55,16.514757575757574,2.7454545454545456,4.3090909090909095,0.0,0.05454545454545454,1.2363636363636363,1.9090909090909092,2.0545454545454547,3.2181818181818183,5.2727272727272725,0.9454545454545454,1.0545454545454545,0.6545454545454545,0.8909090909090909,0.2545454545454545,2.672727272727273,1.4727272727272727,6.7272727272727275,18.054545454545455,0.12727272727272726,0.0,2,0.083,0.9,13.2,0.12,0.19,0.155,14.8,0.637,0.653,0.152,102.07,0.104,35.163636363636364
2025-26,1630198,Isaiah Joe,1610612760,OKC,26.0,71,21.231619718309858,3.4788732394366195,7.647887323943662,2.5492957746478875,6.028169014084507,1.5492957746478873,1.732394366197183,0.4647887323943662,2.084507042253521,2.5492957746478875,1.323943661971831,0.6338028169014085,0.704225352112676,0.15492957746478872,0.23943661971830985,1.704225352112676,1.8732394366197183,11.056338028169014,18.04507042253521,0.0,0.0,1,0.089,2.09,12.9,0.022,0.09,0.057,6.2,0.622,0.657,0.178,101.43,0.099,44.76056338028169
2025-26,1630587,Isaiah Livers,1610612756,PHX,27.0,36,9.648888888888889,0.6111111111111112,1.7777777777777777,0.3333333333333333,1.1111111111111112,0.25,0.3333333333333333,0.5277777777777778,1.1666666666666667,1.6944444444444444,0.5833333333333334,0.3333333333333333,0.3611111111111111,0.2222222222222222,0.19444444444444445,0.7777777777777778,0.2222222222222222,1.8055555555555556,6.1305555555555555,0.0,0.0,1,0.078,1.75,20.6,0.05,0.116,0.083,11.8,0.438,0.469,0.094,101.64,0.05,20.47222222222222
2025-26,1641815,Isaiah Stevens,1610612758,SAC,25.0,3,14.261111111111111,1.0,2.3333333333333335,0.0,0.3333333333333333,1.3333333333333333,1.3333333333333333,0.6666666666666666,0.3333333333333333,1.0,3.3333333333333335,0.6666666666666666,1.6666666666666667,0.0,0.6666666666666666,0.6666666666666666,0.6666666666666666,3.3333333333333335,13.866666666666667,0.0,0.0,1,0.357,5.0,47.6,0.043,0.032,0.038,9.5,0.429,0.571,0.107,97.61,0.093,29.333333333333332
2025-26,1630191,Isaiah Stewart,1610612765,DET,25.0,58,22.709224137931034,3.810344827586207,6.931034482758621,0.6896551724137931,2.0689655172413794,1.706896551724138,2.2586206896551726,1.6551724137931034,3.3448275862068964,5.0,1.1379310344827587,1.1551724137931034,0.27586206896551724,1.603448275862069,0.39655172413793105,2.8620689655172415,2.103448275862069,10.017241379310345,22.20689655172414,0.034482758620689655,0.0,1,0.073,0.99,11.2,0.07,0.135,0.103,11.3,0.6,0.632,0.164,101.0,0.095,47.706896551724135
2025-26,1627826,Ivica Zubac,1610612754,IND,29.0,48,30.13954861111111,6.0,10.041666666666666,0.0,0.0,2.1041666666666665,2.9583333333333335,3.375,7.229166666666667,10.604166666666666,2.1875,1.7916666666666667,0.375,0.8333333333333334,0.7291666666666666,2.3333333333333335,3.0625,14.104166666666666,31.943749999999998,0.5,0.0,2,0.11,1.22,14.3,0.117,0.234,0.178,11.7,0.598,0.622,0.186,97.51,0.13,61.4375
2025-26,1631120,JD Davison,1610612745,HOU,23.0,28,7.800595238095238,0.8571428571428571,2.2857142857142856,0.2857142857142857,1.1428571428571428,0.4642857142857143,0.6785714285714286,0.10714285714285714,1.1071428571428572,1.2142857142857142,1.25,0.25,0.21428571428571427,0.21428571428571427,0.14285714285714285,0.6071428571428571,0.5357142857142857,2.4642857142857144,6.832142857142857,0.0,0.0,1,0.219,5.0,30.4,0.014,0.131,0.074,6.1,0.438,0.477,0.153,97.79,0.09,15.964285714285714
2025-26,1629630,Ja Morant,1610612763,MEM,26.0,20,28.425,6.6,16.1,1.0,4.25,5.25,5.85,0.4,2.85,3.25,8.05,3.55,1.0,0.3,0.9,2.0,4.2,19.45,35.775,0.4,0.0,1,0.447,2.27,26.6,0.013,0.096,0.053,11.7,0.441,0.521,0.305,106.6,0.128,63.25
2025-26,1642266,Ja'Kobe Walter,1610612761,TOR,21.0,72,20.466319444444444,2.5,5.611111111111111,1.5277777777777777,3.736111111111111,0.9861111111111112,1.25,0.7777777777777778,1.7916666666666667,2.5694444444444446,1.1944444444444444,0.5138888888888888,1.0138888888888888,0.19444444444444445,0.2777777777777778,2.25,1.1388888888888888,7.513888888888889,15.5,0.0,0.0,1,0.079,2.32,15.2,0.037,0.088,0.062,6.5,0.582,0.61,0.136,100.83,0.069,42.833333333333336
2025-26,1631095,Jabari Smith Jr.,1610612745,HOU,23.0,77,35.13461038961039,5.688311688311688,12.662337662337663,2.2987012987012987,6.337662337662338,2.103896103896104,2.7142857142857144,1.4025974025974026,5.467532467532467,6.87012987012987,1.8571428571428572,1.3636363636363635,0.7272727272727273,0.922077922077922,0.7012987012987013,2.4935064935064934,2.090909090909091,15.779220779220779,30.393506493506496,0.18181818181818182,0.0,1,0.073,1.36,10.9,0.039,0.152,0.096,8.0,0.54,0.569,0.179,97.66,0.093,71.44155844155844
2025-26,1631133,Jabari Walker,1610612755,PHI,23.0,64,11.901067708333333,1.515625,3.328125,0.5,1.484375,0.78125,1.0625,1.125,1.875,3.0,0.53125,0.421875,0.359375,0.203125,0.34375,1.609375,0.859375,4.3125,9.975,0.03125,0.0,1,0.061,1.26,11.1,0.087,0.156,0.12,8.9,0.531,0.568,0.142,102.53,0.073,25.453125
2025-26,1631210,Jacob Toppin,1610612737,ATL,26.0,5,3.3733333333333335,0.8,1.2,0.0,0.0,0.0,0.0,0.0,0.2,0.2,0.2,0.0,0.0,0.2,0.0,0.2,0.2,1.6,2.7399999999999998,0.0,0.0,1,0.091,0.0,14.3,0.0,0.067,0.033,0.0,0.667,0.667,0.14,102.45,0.181,7.4
2025-26,1630702,Jaden Hardy,1610612764,WAS,23.0,57,15.75608187134503,3.192982456140351,7.526315789473684,1.8245614035087718,4.5964912280701755,0.9649122807017544,1.3157894736842106,0.2631578947368421,1.2456140350877194,1.5087719298245614,1.0175438596491229,1.087719298245614,0.2807017543859649,0.10526315789473684,0.3333333333333333,1.5614035087719298,1.0350877192982457,9.175438596491228,12.582456140350878,0.0,0.0,2,0.095,0.94,9.9,0.017,0.078,0.047,10.6,0.545,0.566,0.239,103.45,0.066,33.96491228070175
2025-26,1631093,Jaden Ivey,1610612741,CHI,24.0,37,18.115,3.081081081081081,6.918918918918919,1.3513513513513513,3.6216216216216215,1.027027027027027,1.2702702702702702,0.6486486486486487,1.8108108108108107,2.4594594594594597,1.837837837837838,1.1081081081081081,0.6216216216216216,0.3783783783783784,0.5135135135135135,1.4324324324324325,1.0810810810810811,8.54054054054054,16.14054054054054,0.0,0.0,2,0.145,1.66,17.6,0.034,0.096,0.065,10.6,0.543,0.571,0.192,101.98,0.091,38.432432432432435
2025-26,1630183,Jaden McDaniels,1610612750,MIN,25.0,73,31.731689497716896,5.712328767123288,11.082191780821917,1.4109589041095891,3.4246575342465753,2.0136986301369864,2.410958904109589,1.0410958904109588,3.2054794520547945,4.2465753424657535,2.7260273972602738,1.7945205479452055,1.1095890410958904,1.0,0.5753424657534246,3.3424657534246576,2.1095890410958904,14.849315068493151,28.568493150684933,0.0,0.0,1,0.121,1.52,16.4,0.033,0.094,0.065,10.8,0.579,0.611,0.182,102.0,0.088,67.23287671232876
2025-26,1630256,Jae'Sean Tate,1610612745,HOU,30.0,46,8.798333333333334,1.2173913043478262,2.369565217391304,0.21739130434782608,0.6956521739130435,0.15217391304347827,0.2391304347826087,0.717391304347826,0.8695652173913043,1.5869565217391304,0.5434782608695652,0.34782608695652173,0.21739130434782608,0.06521739130434782,0.13043478260869565,1.0434782608695652,0.3695652173913043,2.8043478260869565,6.023913043478261,0.0,0.0,1,0.095,1.56,16.2,0.076,0.094,0.085,10.4,0.56,0.567,0.131,97.9,0.067,17.847826086956523
2025-26,1642942,Jahmai Mashack,1610612763,MEM,23.0,31,21.71456989247312,2.4838709677419355,6.290322580645161,0.6129032258064516,2.4193548387096775,0.6129032258064516,1.1290322580645162,0.7419354838709677,1.8709677419354838,2.6129032258064515,2.225806451612903,1.5806451612903225,1.1935483870967742,0.45161290322580644,0.3225806451612903,2.161290322580645,1.1290322580645162,6.193548387096774,16.02258064516129,0.06451612903225806,0.03225806451612903,1,0.141,1.41,21.0,0.031,0.086,0.057,14.9,0.444,0.456,0.156,104.0,0.041,47.064516129032256
2025-26,1642443,Jahmir Young,1610612748,MIA,25.0,14,4.156785714285714,0.7142857142857143,1.7857142857142858,0.21428571428571427,0.6428571428571429,0.14285714285714285,0.14285714285714285,0.14285714285714285,0.14285714285714285,0.2857142857142857,0.6428571428571429,0.21428571428571427,0.07142857142857142,0.0,0.2857142857142857,0.5,0.21428571428571427,1.7857142857142858,3.0928571428571425,0.0,0.0,1,0.18,3.0,24.3,0.028,0.031,0.029,8.1,0.46,0.483,0.178,112.17,0.048,9.5
2025-26,1643141,Jahmyl Telfort,1610612746,LAC,25.0,8,4.004166666666666,0.0,0.5,0.0,0.5,0.125,0.5,0.0,0.375,0.375,0.125,0.125,0.125,0.0,0.0,0.625,0.25,0.125,1.0125,0.0,0.0,1,0.05,1.0,12.5,0.0,0.088,0.047,12.5,0.0,0.087,0.093,101.14,-0.064,8.375
2025-26,1631170,Jaime Jaquez Jr.,1610612748,MIA,25.0,75,28.2828,6.1866666666666665,12.2,0.7733333333333333,2.44,2.2133333333333334,2.88,1.28,3.72,5.0,4.693333333333333,2.026666666666667,0.68,0.28,0.96,1.8266666666666667,2.1733333333333333,15.36,29.253333333333334,0.08,0.0,1,0.24,2.32,23.3,0.042,0.117,0.08,10.1,0.539,0.57,0.216,105.49,0.113,62.21333333333333
2025-26,1631222,Jake LaRavia,1610612747,LAL,24.0,82,25.139878048780485,2.926829268292683,6.378048780487805,0.9512195121951219,2.9634146341463414,1.4146341463414633,1.853658536585366,1.4146341463414633,2.5609756097560976,3.975609756097561,1.7682926829268293,1.0609756097560976,1.2682926829268293,0.4634146341463415,0.34146341463414637,2.3902439024390243,1.4634146341463414,8.21951219512195,19.776829268292683,0.012195121951219513,0.0,1,0.093,1.67,17.6,0.059,0.103,0.081,10.6,0.533,0.571,0.138,100.51,0.067,52.609756097560975
2025-26,1627751,Jakob Poeltl,1610612761,TOR,30.0,46,24.979565217391304,4.717391304347826,6.739130434782608,0.0,0.0,1.2826086956521738,2.130434782608696,2.4782608695652173,4.543478260869565,7.021739130434782,2.0217391304347827,1.2391304347826086,0.8695652173913043,0.6956521739130435,0.2608695652173913,3.152173913043478,2.0,10.717391304347826,25.632608695652173,0.15217391304347827,0.0,1,0.111,1.63,18.5,0.102,0.188,0.145,11.3,0.7,0.698,0.15,100.36,0.115,52.21739130434783
2025-26,1628973,Jalen Brunson,1610612752,NYK,29.0,74,34.99738738738739,9.31081081081081,19.93243243243243,2.635135135135135,7.135135135135135,4.783783783783784,5.6891891891891895,0.4189189189189189,2.918918918918919,3.3378378378378377,6.797297297297297,2.364864864864865,0.7702702702702703,0.10810810810810811,0.6756756756756757,2.2972972972972974,5.121621621621622,26.04054054054054,40.51216216216216,0.16216216216216217,0.0,1,0.307,2.87,21.7,0.012,0.083,0.047,7.5,0.533,0.58,0.296,98.25,0.135,71.79729729729729
2025-26,1631105,Jalen Duren,1610612765,DET,22.0,70,28.226476190476188,7.457142857142857,11.471428571428572,0.0,0.0,4.585714285714285,6.142857142857143,3.7857142857142856,6.742857142857143,10.528571428571428,1.9714285714285715,1.8571428571428572,0.8142857142857143,0.8428571428571429,1.1714285714285715,2.7857142857142856,4.3,19.5,38.205714285714286,0.5857142857142857,0.0,1,0.104,1.06,11.0,0.132,0.23,0.182,10.3,0.65,0.688,0.231,100.81,0.177,59.214285714285715
2025-26,1630224,Jalen Green,1610612756,PHX,24.0,32,25.88515625,6.75,16.0,2.21875,7.09375,2.03125,2.71875,0.5,3.125,3.625,2.84375,2.25,1.0625,0.25,1.125,1.3125,2.5625,17.75,28.053125,0.0,0.0,1,0.181,1.26,12.7,0.017,0.122,0.067,10.1,0.491,0.516,0.309,99.56,0.106,53.96875
2025-26,1630552,Jalen Johnson,1610612737,ATL,24.0,72,35.16108796296297,8.333333333333334,17.055555555555557,1.6666666666666667,4.736111111111111,4.180555555555555,5.305555555555555,1.4027777777777777,8.875,10.277777777777779,7.861111111111111,3.388888888888889,1.2361111111111112,0.4305555555555556,1.2083333333333333,2.0972222222222223,3.6805555555555554,22.51388888888889,48.25,0.6805555555555556,0.18055555555555555,1,0.325,2.32,25.7,0.038,0.241,0.14,11.1,0.537,0.581,0.264,103.58,0.161,75.94444444444444
2025-26,1629618,Jalen Pickett,1610612743,DEN,26.0,50,16.1296,1.96,4.64,0.98,2.54,0.3,0.38,0.36,1.92,2.28,2.3,0.68,0.26,0.1,0.2,0.84,0.38,5.2,11.786,0.0,0.0,1,0.208,3.38,29.6,0.022,0.107,0.067,8.8,0.528,0.541,0.148,97.97,0.084,33.0
2025-26,1641771,Jalen Slawson,1610612754,IND,26.0,13,23.888461538461538,2.6153846153846154,5.923076923076923,1.1538461538461537,3.076923076923077,0.9230769230769231,1.3076923076923077,0.5384615384615384,3.8461538461538463,4.384615384615385,2.769230769230769,1.3076923076923077,1.5384615384615385,1.0769230769230769,0.46153846153846156,2.076923076923077,1.4615384615384615,7.3076923076923075,23.26153846153846,0.0,0.0,1,0.167,2.12,26.3,0.022,0.148,0.086,12.4,0.539,0.562,0.136,101.39,0.09,50.53846153846154
2025-26,1630188,Jalen Smith,1610612741,CHI,26.0,53,20.667704402515724,3.6792452830188678,7.622641509433962,1.5471698113207548,4.150943396226415,1.3018867924528301,1.7547169811320755,1.849056603773585,4.849056603773585,6.69811320754717,1.2264150943396226,1.0,0.4528301886792453,0.7924528301886793,0.3584905660377358,2.0943396226415096,1.830188679245283,10.20754716981132,22.82075471698113,0.16981132075471697,0.0,1,0.081,1.23,11.6,0.085,0.218,0.152,9.4,0.584,0.608,0.183,103.79,0.109,44.735849056603776
2025-26,1630591,Jalen Suggs,1610612753,ORL,25.0,57,27.606491228070173,4.947368421052632,11.385964912280702,2.1403508771929824,6.315789473684211,1.7543859649122806,2.0526315789473686,0.631578947368421,3.2280701754385963,3.8596491228070176,5.473684210526316,2.6666666666666665,1.8421052631578947,0.7017543859649122,0.42105263157894735,2.543859649122807,2.280701754385965,13.789473684210526,31.596491228070175,0.07017543859649122,0.017543859649122806,1,0.284,2.05,26.8,0.022,0.112,0.068,13.1,0.529,0.561,0.22,104.54,0.11,60.14035087719298
2025-26,1631114,Jalen Williams,1610612760,OKC,25.0,33,28.362525252525252,6.545454545454546,13.515151515151516,0.696969696969697,2.3333333333333335,3.272727272727273,3.909090909090909,0.8181818181818182,3.8181818181818183,4.636363636363637,5.484848484848484,1.9090909090909092,1.1818181818181819,0.2727272727272727,0.6666666666666666,1.9696969696969697,3.090909090909091,17.060606060606062,33.306060606060605,0.030303030303030304,0.0,1,0.274,2.87,24.3,0.029,0.124,0.079,8.5,0.51,0.56,0.252,102.62,0.135,60.57575757575758
2025-26,1630592,Jalen Wilson,1610612751,BKN,25.0,54,15.911512345679013,2.037037037037037,5.148148148148148,1.0,2.814814814814815,1.2777777777777777,1.7777777777777777,0.3148148148148148,1.7962962962962963,2.111111111111111,0.9259259259259259,0.7037037037037037,0.4074074074074074,0.037037037037037035,0.3333333333333333,1.5740740740740742,1.4074074074074074,6.351851851851852,10.903703703703703,0.0,0.0,1,0.098,1.32,12.2,0.019,0.122,0.067,9.3,0.493,0.536,0.177,98.57,0.061,32.666666666666664
2025-26,1631288,Jamal Cain,1610612753,ORL,27.0,40,12.149208333333332,1.85,3.8,0.7,1.825,0.975,1.15,0.7,1.25,1.95,0.725,0.475,0.275,0.1,0.2,1.325,0.925,5.375,9.4525,0.0,0.0,1,0.085,1.53,13.1,0.055,0.109,0.08,8.6,0.579,0.624,0.159,100.94,0.081,25.525
2025-26,1627750,Jamal Murray,1610612743,DEN,29.0,75,35.35855555555556,8.76,18.133333333333333,3.2666666666666666,7.506666666666667,4.613333333333333,5.2,0.4266666666666667,3.973333333333333,4.4,7.133333333333334,2.28,0.88,0.38666666666666666,0.76,1.7466666666666666,4.026666666666666,25.4,42.9,0.24,0.0,1,0.298,3.13,24.2,0.013,0.109,0.063,7.7,0.573,0.622,0.269,99.84,0.142,73.88
2025-26,1642347,Jamal Shead,1610612761,TOR,23.0,82,22.588272357723575,2.2560975609756095,6.146341463414634,1.024390243902439,3.1951219512195124,1.1097560975609757,1.4146341463414633,0.3170731707317073,1.4268292682926829,1.7439024390243902,5.414634146341464,1.3658536585365855,0.926829268292683,0.18292682926829268,0.3902439024390244,1.975609756097561,2.0,6.646341463414634,18.82439024390244,0.024390243902439025,0.0,1,0.306,3.96,39.9,0.014,0.064,0.038,10.1,0.45,0.491,0.149,100.44,0.078,47.292682926829265
2025-26,1631123,Jamaree Bouyea,1610612756,PHX,27.0,46,14.001268115942027,2.347826086956522,5.130434782608695,0.5,1.6956521739130435,0.5217391304347826,0.7608695652173914,0.391304347826087,1.391304347826087,1.7826086956521738,1.7826086956521738,0.6521739130434783,0.6304347826086957,0.34782608695652173,0.391304347826087,0.8260869565217391,0.9130434782608695,5.717391304347826,12.81304347826087,0.0,0.0,1,0.191,2.73,22.6,0.026,0.1,0.062,8.3,0.506,0.523,0.184,96.74,0.103,28.282608695652176
2025-26,201935,James Harden,1610612739,CLE,36.0,70,34.83564285714286,6.957142857142857,16.042857142857144,3.0714285714285716,8.185714285714285,6.614285714285714,7.485714285714286,0.5714285714285714,4.228571428571429,4.8,7.957142857142857,3.5,1.1285714285714286,0.4,1.1428571428571428,1.957142857142857,4.628571428571429,23.6,42.38142857142857,0.2857142857142857,0.02857142857142857,2,0.347,2.27,26.1,0.017,0.119,0.07,11.5,0.529,0.61,0.279,98.24,0.143,71.35714285714286
2025-26,1630164,James Wiseman,1610612754,IND,25.0,4,14.615416666666667,1.5,2.5,0.0,0.0,0.25,0.5,1.25,0.75,2.0,0.75,1.25,0.0,0.25,0.25,2.5,0.5,3.25,6.275,0.0,0.0,1,0.075,0.6,15.8,0.074,0.049,0.062,26.3,0.6,0.597,0.114,103.04,0.01,31.75
2025-26,1642364,Jamir Watkins,1610612764,WAS,24.0,50,20.643533333333334,2.64,5.92,0.94,3.16,1.14,1.64,0.98,2.9,3.88,1.34,0.8,1.08,0.5,0.28,2.58,1.54,7.36,17.965999999999998,0.0,0.0,1,0.089,1.68,15.3,0.046,0.14,0.092,9.1,0.525,0.554,0.148,103.26,0.069,44.22
2025-26,1642419,Jamison Battle,1610612761,TOR,25.0,61,8.471775956284153,1.2131147540983607,2.377049180327869,0.5737704918032787,1.3934426229508197,0.14754098360655737,0.22950819672131148,0.32786885245901637,1.1311475409836065,1.459016393442623,0.39344262295081966,0.3114754098360656,0.11475409836065574,0.04918032786885246,0.06557377049180328,0.6885245901639344,0.21311475409836064,3.1475409836065573,5.668852459016394,0.0,0.0,1,0.062,1.26,12.4,0.04,0.124,0.084,9.8,0.631,0.635,0.135,102.08,0.079,18.131147540983605
2025-26,1641716,Jarace Walker,1610612754,IND,22.0,76,25.702412280701754,4.0394736842105265,9.644736842105264,1.75,4.684210526315789,1.8026315789473684,2.4078947368421053,0.6447368421052632,4.5,5.144736842105263,2.526315789473684,1.8289473684210527,0.8289473684210527,0.34210526315789475,0.39473684210526316,1.631578947368421,1.6578947368421053,11.631578947368421,23.278947368421054,0.039473684210526314,0.0,1,0.143,1.38,16.8,0.023,0.17,0.095,12.1,0.51,0.543,0.2,104.46,0.09,56.01315789473684
2025-26,1642272,Jared McCain,1610612760,OKC,22.0,67,17.308457711442788,3.044776119402985,7.164179104477612,1.4776119402985075,3.8358208955223883,0.7611940298507462,0.8805970149253731,0.34328358208955223,1.7014925373134329,2.044776119402985,1.3432835820895523,0.835820895522388,0.5223880597014925,0.07462686567164178,0.40298507462686567,1.208955223880597,0.8208955223880597,8.328358208955224,13.75223880597015,0.0,0.0,2,0.111,1.61,13.8,0.019,0.092,0.056,8.6,0.528,0.551,0.198,102.61,0.079,37.07462686567164
2025-26,1628991,Jaren Jackson Jr.,1610612762,UTA,26.0,48,30.305173611111112,7.125,14.979166666666666,1.75,4.895833333333333,3.3958333333333335,4.229166666666667,0.875,4.791666666666667,5.666666666666667,1.9583333333333333,2.2291666666666665,1.1041666666666667,1.4375,1.125,3.7291666666666665,3.9583333333333335,19.395833333333332,34.52916666666667,0.0625,0.0,2,0.105,0.88,9.4,0.027,0.14,0.085,10.6,0.534,0.576,0.253,103.6,0.107,65.41666666666667
2025-26,1629020,Jarred Vanderbilt,1610612747,LAL,27.0,65,17.34987179487179,1.7384615384615385,3.6923076923076925,0.4461538461538462,1.523076923076923,0.5076923076923077,0.8615384615384616,1.2307692307692308,3.2615384615384615,4.492307692307692,1.2923076923076924,0.8615384615384616,0.8461538461538461,0.2923076923076923,0.35384615384615387,1.6,0.8307692307692308,4.430769230769231,14.313846153846153,0.015384615384615385,0.0,1,0.098,1.5,20.7,0.073,0.194,0.133,13.8,0.531,0.544,0.119,100.41,0.08,36.30769230769231
2025-26,1628386,Jarrett Allen,1610612739,CLE,28.0,56,27.127142857142854,6.017857142857143,9.428571428571429,0.017857142857142856,0.17857142857142858,3.3035714285714284,4.660714285714286,2.5714285714285716,5.928571428571429,8.5,1.7857142857142858,1.3392857142857142,0.9821428571428571,0.8392857142857143,0.625,1.6964285714285714,3.982142857142857,15.357142857142858,32.36071428571429,0.35714285714285715,0.0,1,0.092,1.33,12.1,0.097,0.202,0.152,9.1,0.639,0.669,0.196,102.56,0.143,58.0
2025-26,1642859,Jase Richardson,1610612753,ORL,20.0,54,10.86570987654321,1.6481481481481481,3.4814814814814814,0.5185185185185185,1.462962962962963,0.6111111111111112,0.8518518518518519,0.3888888888888889,0.7777777777777778,1.1666666666666667,1.0740740740740742,0.46296296296296297,0.35185185185185186,0.037037037037037035,0.09259259259259259,0.9814814814814815,0.9074074074074074,4.425925925925926,8.14074074074074,0.0,0.0,1,0.145,2.32,20.0,0.034,0.074,0.053,8.6,0.548,0.574,0.162,100.95,0.074,22.796296296296298
2025-26,1642914,Javon Small,1610612763,MEM,23.0,41,20.241666666666667,3.268292682926829,7.024390243902439,1.4634146341463414,3.4634146341463414,1.6585365853658536,2.0,0.8780487804878049,2.2439024390243905,3.1219512195121952,3.682926829268293,1.3658536585365855,0.8292682926829268,0.21951219512195122,0.7073170731707317,1.5853658536585367,1.4390243902439024,9.658536585365853,20.709756097560977,0.0,0.0,1,0.257,2.7,28.5,0.04,0.109,0.074,10.6,0.569,0.611,0.183,104.37,0.109,43.951219512195124
2025-26,1631451,Javonte Cooke,1610612757,POR,26.0,19,4.929736842105264,0.47368421052631576,2.1578947368421053,0.15789473684210525,1.2105263157894737,0.10526315789473684,0.10526315789473684,0.21052631578947367,0.7894736842105263,1.0,0.3684210526315789,0.47368421052631576,0.3157894736842105,0.0,0.2631578947368421,0.3157894736842105,0.21052631578947367,1.2105263157894737,3.4368421052631577,0.0,0.0,1,0.127,0.78,12.1,0.033,0.163,0.089,15.5,0.256,0.275,0.205,107.36,0.019,11.052631578947368
2025-26,1629750,Javonte Green,1610612765,DET,32.0,82,17.633678861788617,2.2560975609756095,5.048780487804878,1.146341463414634,3.0121951219512195,1.2804878048780488,1.524390243902439,0.7560975609756098,2.048780487804878,2.8048780487804876,0.6829268292682927,0.5487804878048781,1.2439024390243902,0.3048780487804878,0.23170731707317074,1.3048780487804879,1.2317073170731707,6.939024390243903,15.426829268292684,0.012195121951219513,0.0,1,0.052,1.24,9.8,0.042,0.112,0.077,7.9,0.56,0.607,0.143,102.74,0.095,37.63414634146341
2025-26,1629637,Jaxson Hayes,1610612747,LAL,26.0,66,18.2814898989899,3.0,3.9696969696969697,0.045454545454545456,0.045454545454545456,1.4848484848484849,2.272727272727273,1.5,2.606060606060606,4.106060606060606,0.8939393939393939,0.4696969696969697,0.4393939393939394,0.7878787878787878,0.15151515151515152,1.9242424242424243,2.106060606060606,7.53030303030303,17.01060606060606,0.015151515151515152,0.0,1,0.071,1.9,14.1,0.083,0.139,0.111,7.4,0.761,0.758,0.124,100.49,0.109,38.333333333333336
2025-26,1630643,Jay Huff,1610612754,IND,28.0,82,20.966382113821137,3.548780487804878,7.451219512195122,1.451219512195122,4.548780487804878,1.0,1.2073170731707317,0.8902439024390244,3.0609756097560976,3.951219512195122,1.475609756097561,0.926829268292683,0.5,1.8658536585365855,0.24390243902439024,2.3902439024390243,1.3048780487804879,9.548780487804878,22.674390243902437,0.012195121951219513,0.0,1,0.105,1.59,14.3,0.041,0.135,0.089,9.0,0.574,0.598,0.178,102.99,0.092,44.8780487804878
2025-26,1627759,Jaylen Brown,1610612738,BOS,29.0,71,34.406173708920186,10.366197183098592,21.732394366197184,1.971830985915493,5.690140845070423,6.0,7.549295774647887,1.1408450704225352,5.788732394366197,6.929577464788732,5.126760563380282,3.647887323943662,1.0140845070422535,0.38028169014084506,1.3098591549295775,2.6901408450704225,6.295774647887324,28.704225352112676,45.245070422535214,0.19718309859154928,0.04225352112676056,1,0.251,1.41,15.2,0.032,0.155,0.095,10.8,0.522,0.573,0.351,97.73,0.152,70.04225352112677
2025-26,1641740,Jaylen Clark,1610612750,MIN,24.0,68,13.054460784313726,1.4558823529411764,3.3529411764705883,0.4852941176470588,1.4852941176470589,0.6470588235294118,0.9852941176470589,0.7941176470588235,0.9705882352941176,1.7647058823529411,0.6323529411764706,0.3382352941176471,0.6911764705882353,0.1323529411764706,0.17647058823529413,1.2794117647058822,0.7205882352941176,4.044117647058823,9.242647058823529,0.0,0.0,1,0.064,1.87,13.4,0.056,0.069,0.062,7.1,0.507,0.534,0.126,103.47,0.054,28.102941176470587
2025-26,1642377,Jaylen Wells,1610612763,MEM,22.0,69,26.38611111111111,4.36231884057971,10.115942028985508,1.8695652173913044,5.2898550724637685,1.9420289855072463,2.4782608695652173,0.8840579710144928,2.3043478260869565,3.1884057971014492,1.608695652173913,1.0724637681159421,0.8840579710144928,0.13043478260869565,0.4927536231884058,2.1449275362318843,2.63768115942029,12.53623188405797,20.746376811594203,0.0,0.0,1,0.085,1.5,11.6,0.031,0.086,0.058,7.8,0.524,0.559,0.189,102.14,0.069,56.08695652173913
2025-26,1631119,Jaylin Williams,1610612760,OKC,24.0,65,19.651923076923076,2.292307692307692,5.415384615384616,1.5076923076923077,3.9384615384615387,1.123076923076923,1.4153846153846155,0.49230769230769234,5.015384615384615,5.507692307692308,2.4307692307692306,1.0307692307692307,0.47692307692307695,0.6461538461538462,0.16923076923076924,1.9538461538461538,1.523076923076923,7.2153846153846155,19.80923076923077,0.09230769230769231,0.0,1,0.169,2.36,25.6,0.025,0.225,0.131,10.9,0.563,0.597,0.153,102.17,0.115,41.76923076923077
2025-26,1642281,Jaylon Tyson,1610612739,CLE,23.0,66,26.931565656565656,5.0,10.151515151515152,2.015151515151515,4.515151515151516,1.196969696969697,1.621212121212121,1.7878787878787878,3.3333333333333335,5.121212121212121,2.227272727272727,1.5,0.8181818181818182,0.42424242424242425,0.6060606060606061,2.484848484848485,1.5,13.212121212121213,24.925757575757576,0.10606060606060606,0.0,1,0.115,1.48,15.3,0.064,0.118,0.091,10.3,0.592,0.608,0.189,101.39,0.092,56.72727272727273
2025-26,1643257,Jayson Kent,1610612757,POR,24.0,5,4.493333333333333,0.8,1.4,0.2,0.8,0.2,0.2,0.0,1.0,1.0,0.0,0.0,0.2,0.2,0.0,0.2,0.2,2.0,4.4,0.0,0.0,1,0.0,0.0,0.0,0.0,0.25,0.128,0.0,0.643,0.672,0.137,98.28,0.245,9.0
2025-26,1628369,Jayson Tatum,1610612738,BOS,28.0,16,32.615625,7.375,17.9375,2.9375,8.9375,4.0625,4.9375,0.5,9.5,10.0,5.3125,2.4375,1.375,0.1875,0.5,1.625,3.375,21.75,43.96875,0.625,0.0625,1,0.246,2.18,19.2,0.015,0.274,0.148,8.8,0.493,0.541,0.29,98.1,0.159,66.8125
2025-26,201145,Jeff Green,1610612745,HOU,39.0,30,5.827222222222222,0.8333333333333334,2.2666666666666666,0.4,1.4666666666666666,0.16666666666666666,0.16666666666666666,0.23333333333333334,0.6,0.8333333333333334,0.26666666666666666,0.13333333333333333,0.06666666666666667,0.06666666666666667,0.03333333333333333,0.4,0.13333333333333333,2.2333333333333334,3.9,0.0,0.0,1,0.07,2.0,9.8,0.036,0.098,0.066,4.9,0.456,0.477,0.171,98.71,0.061,12.033333333333333
2025-26,203924,Jerami Grant,1610612757,POR,32.0,57,29.73862573099415,5.807017543859649,12.807017543859649,2.3859649122807016,6.140350877192983,4.5964912280701755,5.649122807017544,0.9649122807017544,2.508771929824561,3.473684210526316,2.1403508771929824,2.087719298245614,0.7368421052631579,0.631578947368421,0.9824561403508771,2.491228070175439,3.912280701754386,18.596491228070175,27.99298245614035,0.0,0.0,1,0.107,1.03,11.0,0.03,0.082,0.055,10.8,0.547,0.608,0.228,104.02,0.094,64.49122807017544
2025-26,1642847,Jeremiah Fears,1610612740,NOP,19.0,82,25.75491869918699,5.329268292682927,12.268292682926829,1.2317073170731707,3.731707317073171,2.3658536585365852,3.0,0.7317073170731707,2.926829268292683,3.658536585365854,3.402439024390244,2.1707317073170733,1.1829268292682926,0.36585365853658536,1.0731707317073171,1.8414634146341464,2.524390243902439,14.25609756097561,26.225609756097562,0.036585365853658534,0.0,1,0.195,1.57,17.8,0.026,0.109,0.067,11.3,0.485,0.525,0.245,102.98,0.093,55.26829268292683
2025-26,1630526,Jeremiah Robinson-Earl,1610612742,DAL,25.0,22,16.391590909090908,1.6818181818181819,4.545454545454546,0.45454545454545453,1.8636363636363635,0.7727272727272727,0.8181818181818182,1.6363636363636365,3.0454545454545454,4.681818181818182,0.6818181818181818,0.5454545454545454,0.4090909090909091,0.045454545454545456,0.5454545454545454,1.1818181818181819,0.8181818181818182,4.590909090909091,12.05,0.0,0.0,2,0.057,1.25,11.2,0.088,0.183,0.133,9.0,0.42,0.468,0.129,104.82,0.069,35.68181818181818
2025-26,1631110,Jeremy Sochan,1610612752,NYK,23.0,44,10.648901515151515,1.4545454545454546,2.9318181818181817,0.25,1.0227272727272727,0.4318181818181818,0.5909090909090909,0.8409090909090909,1.5909090909090908,2.4318181818181817,0.9090909090909091,0.4772727272727273,0.38636363636363635,0.1590909090909091,0.20454545454545456,1.4090909090909092,0.6363636363636364,3.590909090909091,9.031818181818181,0.0,0.0,2,0.124,1.9,19.9,0.076,0.149,0.111,10.4,0.539,0.563,0.141,101.73,0.081,22.363636363636363
2025-26,1630579,Jericho Sims,1610612749,MIL,27.0,67,19.669179104477614,2.1641791044776117,2.7611940298507465,0.0,0.0,0.6567164179104478,1.0597014925373134,2.1940298507462686,3.328358208955224,5.522388059701493,1.5522388059701493,1.1194029850746268,0.2835820895522388,0.2537313432835821,0.2537313432835821,2.1791044776119404,1.164179104477612,4.985074626865671,14.432835820895523,0.08955223880597014,0.014925373134328358,1,0.109,1.39,26.4,0.115,0.171,0.143,19.0,0.784,0.772,0.095,97.72,0.083,40.02985074626866
2025-26,1641724,Jett Howard,1610612753,ORL,22.0,55,12.64218181818182,1.9090909090909092,4.5636363636363635,0.9818181818181818,2.6363636363636362,0.6727272727272727,0.7090909090909091,0.41818181818181815,1.1636363636363636,1.5818181818181818,0.8181818181818182,0.2727272727272727,0.18181818181818182,0.2,0.34545454545454546,1.2,0.4727272727272727,5.472727272727273,9.47090909090909,0.0,0.0,1,0.095,3.0,13.7,0.03,0.096,0.06,4.6,0.526,0.561,0.166,100.55,0.07,26.563636363636363
2025-26,1628975,Jevon Carter,1610612753,ORL,30.0,53,16.36682389937107,2.3207547169811322,5.7924528301886795,1.471698113207547,4.056603773584905,0.2830188679245283,0.3584905660377358,0.2641509433962264,1.4150943396226414,1.679245283018868,1.6415094339622642,0.6792452830188679,0.7547169811320755,0.18867924528301888,0.1509433962264151,1.0754716981132075,0.32075471698113206,6.39622641509434,13.024528301886791,0.0,0.0,2,0.148,2.42,19.8,0.015,0.085,0.048,8.2,0.528,0.537,0.166,101.62,0.074,34.79245283018868
2025-26,202710,Jimmy Butler III,1610612744,GSW,36.0,38,31.096754385964914,6.315789473684211,12.157894736842104,0.8421052631578947,2.236842105263158,6.526315789473684,7.552631578947368,2.3157894736842106,3.236842105263158,5.552631578947368,4.868421052631579,1.5789473684210527,1.4473684210526316,0.21052631578947367,0.7631578947368421,1.2105263157894737,5.526315789473684,20.0,37.36052631578948,0.07894736842105263,0.0,1,0.24,3.08,22.3,0.073,0.101,0.087,7.2,0.554,0.646,0.226,101.73,0.155,65.92105263157895
2025-26,1642866,Joan Beringer,1610612750,MIN,19.0,40,7.853291666666666,1.625,2.45,0.0,0.0,0.65,0.925,1.125,1.175,2.3,0.3,0.275,0.175,0.65,0.25,1.175,0.75,3.9,9.309999999999999,0.025,0.0,1,0.052,1.09,8.8,0.141,0.135,0.138,8.0,0.663,0.683,0.156,105.74,0.107,17.375
2025-26,1629111,Jock Landale,1610612737,ATL,30.0,68,22.148186274509804,4.147058823529412,8.058823529411764,1.088235294117647,2.838235294117647,1.1764705882352942,1.8529411764705883,2.6911764705882355,3.0,5.6911764705882355,1.6911764705882353,0.8823529411764706,0.5147058823529411,0.5294117647058824,0.47058823529411764,2.2058823529411766,2.0294117647058822,10.558823529411764,22.175,0.1323529411764706,0.0,2,0.11,1.92,14.7,0.111,0.136,0.123,7.7,0.582,0.595,0.177,101.83,0.098,47.088235294117645
2025-26,204060,Joe Ingles,1610612750,MIN,38.0,27,5.655123456790124,0.5925925925925926,1.0,0.25925925925925924,0.5925925925925926,0.07407407407407407,0.07407407407407407,0.0,0.7037037037037037,0.7037037037037037,1.2592592592592593,0.5185185185185185,0.3333333333333333,0.07407407407407407,0.0,0.3333333333333333,0.14814814814814814,1.5185185185185186,4.955555555555556,0.037037037037037035,0.0,1,0.268,2.43,44.7,0.0,0.11,0.06,18.4,0.722,0.735,0.106,110.81,0.096,13.25925925925926
2025-26,203954,Joel Embiid,1610612755,PHI,32.0,38,31.59574561403509,8.973684210526315,18.342105263157894,1.394736842105263,4.184210526315789,7.526315789473684,8.81578947368421,1.9736842105263157,5.7368421052631575,7.7105263157894735,3.9473684210526314,2.8684210526315788,0.5526315789473685,1.2105263157894737,1.0263157894736843,2.1578947368421053,6.078947368421052,26.86842105263158,44.46315789473684,0.2631578947368421,0.02631578947368421,1,0.209,1.38,13.6,0.063,0.169,0.118,9.9,0.527,0.605,0.336,100.69,0.163,66.36842105263158
2025-26,1628381,John Collins,1610612746,LAC,28.0,69,27.122874396135263,5.27536231884058,9.55072463768116,1.289855072463768,3.1739130434782608,1.710144927536232,2.2318840579710146,1.5942028985507246,3.7246376811594204,5.318840579710145,1.0144927536231885,1.3768115942028984,0.8695652173913043,0.7391304347826086,0.6376811594202898,2.710144927536232,2.217391304347826,13.55072463768116,24.90434782608696,0.043478260869565216,0.0,1,0.058,0.74,7.9,0.061,0.135,0.099,10.7,0.62,0.643,0.188,97.98,0.098,55.405797101449274
2025-26,1629723,John Konchar,1610612762,UTA,30.0,56,19.90494047619048,1.6785714285714286,3.5535714285714284,0.5,1.7678571428571428,0.5714285714285714,0.7857142857142857,1.3214285714285714,2.9642857142857144,4.285714285714286,2.107142857142857,0.625,1.4821428571428572,0.6785714285714286,0.125,1.4107142857142858,0.75,4.428571428571429,18.589285714285715,0.05357142857142857,0.03571428571428571,2,0.136,3.37,31.8,0.059,0.14,0.098,9.4,0.543,0.568,0.09,105.42,0.09,43.69642857142857
2025-26,1642967,John Poulakidas,1610612742,DAL,23.0,13,19.495,3.0,7.0,2.3846153846153846,5.923076923076923,0.46153846153846156,0.5384615384615384,0.3076923076923077,2.0,2.3076923076923075,0.8461538461538461,0.3076923076923077,0.5384615384615384,0.3076923076923077,0.0,2.1538461538461537,0.38461538461538464,8.846153846153847,15.115384615384615,0.0,0.0,1,0.061,2.75,10.1,0.014,0.096,0.053,3.7,0.599,0.611,0.153,106.25,0.069,43.07692307692308
2025-26,1642910,John Tonje,1610612738,BOS,25.0,6,6.983055555555556,0.6666666666666666,2.3333333333333335,0.5,1.6666666666666667,0.6666666666666666,0.6666666666666666,0.0,1.0,1.0,0.3333333333333333,0.0,0.3333333333333333,0.0,0.16666666666666666,0.8333333333333334,0.6666666666666666,2.5,5.2,0.0,0.0,1,0.083,0.0,11.1,0.0,0.12,0.067,0.0,0.393,0.476,0.157,106.54,0.061,15.166666666666666
2025-26,1641780,Johni Broome,1610612755,PHI,23.0,11,4.978333333333333,0.36363636363636365,2.1818181818181817,0.0,0.45454545454545453,0.18181818181818182,0.5454545454545454,0.6363636363636364,0.8181818181818182,1.4545454545454546,0.36363636363636365,0.2727272727272727,0.2727272727272727,0.18181818181818182,0.2727272727272727,0.6363636363636364,0.6363636363636364,0.9090909090909091,4.290909090909091,0.0,0.0,1,0.118,1.33,11.8,0.109,0.17,0.137,8.8,0.167,0.188,0.226,103.43,-0.02,10.636363636363637
2025-26,1642277,Johnny Furphy,1610612754,IND,21.0,35,18.37295238095238,2.0,4.257142857142857,0.6571428571428571,2.0285714285714285,0.4857142857142857,1.0,0.9142857142857143,3.4571428571428573,4.371428571428571,1.1714285714285715,0.8285714285714286,0.5714285714285714,0.2,0.4857142857142857,1.8571428571428572,0.8,5.142857142857143,13.631428571428572,0.02857142857142857,0.0,1,0.085,1.41,17.5,0.049,0.191,0.119,12.4,0.547,0.547,0.125,102.22,0.066,39.2
2025-26,1630548,Johnny Juzang,1610612750,MIN,25.0,21,4.176111111111111,0.7619047619047619,1.8095238095238095,0.2857142857142857,1.1428571428571428,0.23809523809523808,0.38095238095238093,0.23809523809523808,0.5714285714285714,0.8095238095238095,0.2857142857142857,0.23809523809523808,0.09523809523809523,0.047619047619047616,0.0,0.14285714285714285,0.23809523809523808,2.0476190476190474,3.6380952380952385,0.0,0.0,1,0.095,1.2,11.3,0.054,0.129,0.092,9.4,0.5,0.518,0.2,111.66,0.085,9.80952380952381
2025-26,202685,Jonas Valanciunas,1610612743,DEN,34.0,65,13.401000000000002,3.4923076923076923,6.0,0.12307692307692308,0.4,1.6153846153846154,2.0923076923076924,1.6153846153846154,3.4461538461538463,5.061538461538461,1.2,1.123076923076923,0.2153846153846154,0.5692307692307692,0.4461538461538462,2.046153846153846,2.2,8.723076923076922,17.827692307692306,0.07692307692307693,0.0,1,0.15,1.07,12.9,0.124,0.246,0.187,12.1,0.592,0.63,0.26,97.23,0.15,27.092307692307692
2025-26,1628371,Jonathan Isaac,1610612753,ORL,28.0,52,10.017179487179487,0.8846153846153846,2.0961538461538463,0.1346153846153846,0.7307692307692307,0.6730769230769231,1.1153846153846154,0.8269230769230769,1.7115384615384615,2.5384615384615383,0.4230769230769231,0.34615384615384615,0.38461538461538464,0.5961538461538461,0.057692307692307696,0.7884615384615384,1.0192307692307692,2.576923076923077,8.853846153846153,0.0,0.0,1,0.062,1.22,12.4,0.071,0.165,0.115,10.2,0.454,0.498,0.119,102.61,0.078,21.23076923076923
2025-26,1630228,Jonathan Kuminga,1610612737,ATL,23.0,36,23.069351851851852,4.361111111111111,9.416666666666666,0.9722222222222222,2.9166666666666665,2.4722222222222223,3.4166666666666665,1.3611111111111112,4.25,5.611111111111111,2.3055555555555554,1.8611111111111112,0.6111111111111112,0.3055555555555556,0.6944444444444444,1.5277777777777777,2.5833333333333335,12.166666666666666,23.24722222222222,0.027777777777777776,0.0,2,0.148,1.24,15.3,0.056,0.182,0.118,12.3,0.515,0.557,0.226,102.73,0.111,49.361111111111114
2025-26,1642367,Jonathan Mogbo,1610612761,TOR,24.0,40,6.222416666666667,0.65,1.1,0.0,0.025,0.225,0.35,0.475,1.225,1.7,0.625,0.35,0.275,0.2,0.075,0.65,0.3,1.525,5.5775,0.0,0.0,1,0.159,1.79,28.4,0.071,0.193,0.13,15.9,0.591,0.608,0.102,103.95,0.101,13.5
2025-26,203903,Jordan Clarkson,1610612752,NYK,34.0,72,17.770300925925923,3.2916666666666665,7.305555555555555,0.9722222222222222,2.9722222222222223,1.0833333333333333,1.3055555555555556,0.8611111111111112,0.9027777777777778,1.7638888888888888,1.3333333333333333,0.875,0.4166666666666667,0.125,0.3611111111111111,1.7083333333333333,1.125,8.63888888888889,13.505555555555555,0.0,0.0,1,0.11,1.52,13.3,0.047,0.049,0.048,8.7,0.517,0.548,0.203,98.78,0.068,36.638888888888886
2025-26,1630692,Jordan Goodwin,1610612756,PHX,27.0,70,22.45395238095238,3.2714285714285714,7.928571428571429,1.6,4.314285714285714,0.5571428571428572,0.8,1.9714285714285715,2.9,4.871428571428571,2.157142857142857,0.9714285714285714,1.5142857142857142,0.2,0.44285714285714284,1.9,0.9714285714285714,8.7,21.952857142857145,0.02857142857142857,0.0,1,0.136,2.22,18.9,0.08,0.134,0.105,8.5,0.514,0.525,0.167,99.3,0.098,46.357142857142854
2025-26,1641722,Jordan Hawkins,1610612740,NOP,24.0,51,13.568137254901961,1.8431372549019607,5.03921568627451,0.9215686274509803,2.6470588235294117,0.45098039215686275,0.5294117647058824,0.39215686274509803,1.3333333333333333,1.7254901960784315,0.8235294117647058,0.6666666666666666,0.2549019607843137,0.19607843137254902,0.23529411764705882,0.5882352941176471,0.5686274509803921,5.0588235294117645,9.050980392156863,0.0,0.0,1,0.086,1.24,12.2,0.026,0.089,0.058,9.9,0.457,0.48,0.175,103.84,0.055,29.470588235294116
2025-26,1629162,Jordan McLaughlin,1610612759,SAS,30.0,44,6.400378787878788,0.75,1.7954545454545454,0.38636363636363635,0.9090909090909091,0.13636363636363635,0.1590909090909091,0.1590909090909091,0.5681818181818182,0.7272727272727273,0.8636363636363636,0.3409090909090909,0.45454545454545453,0.045454545454545456,0.045454545454545456,0.25,0.18181818181818182,2.022727272727273,5.3500000000000005,0.0,0.0,1,0.199,2.53,28.1,0.024,0.093,0.057,11.1,0.525,0.542,0.143,101.67,0.091,13.636363636363637
2025-26,1641757,Jordan Miller,1610612746,LAC,26.0,60,22.079666666666665,3.533333333333333,6.65,0.6333333333333333,1.8333333333333333,2.2666666666666666,2.9166666666666665,0.8333333333333334,2.2,3.033333333333333,2.2666666666666666,1.05,0.75,0.18333333333333332,0.7666666666666667,1.0333333333333334,1.9833333333333334,9.966666666666667,18.756666666666668,0.016666666666666666,0.0,1,0.157,2.16,20.0,0.041,0.097,0.071,9.3,0.579,0.628,0.177,98.57,0.106,45.333333333333336
2025-26,1629673,Jordan Poole,1610612740,NOP,27.0,39,23.9291452991453,4.230769230769231,11.384615384615385,2.4615384615384617,7.384615384615385,2.5128205128205128,2.923076923076923,0.23076923076923078,1.7435897435897436,1.9743589743589745,3.051282051282051,1.7692307692307692,0.5641025641025641,0.38461538461538464,0.6666666666666666,2.282051282051282,2.8974358974358974,13.435897435897436,21.45897435897436,0.0,0.0,1,0.185,1.72,17.6,0.009,0.067,0.037,10.2,0.48,0.53,0.235,104.18,0.073,52.12820512820513
2025-26,1641775,Jordan Walsh,1610612738,BOS,22.0,68,17.82308823529412,2.0,3.926470588235294,0.7058823529411765,1.838235294117647,0.6470588235294118,0.8382352941176471,1.25,2.75,4.0,0.7941176470588235,0.5147058823529411,0.7205882352941176,0.45588235294117646,0.25,2.014705882352941,0.8088235294117647,5.352941176470588,14.358823529411765,0.029411764705882353,0.0,1,0.059,1.54,14.2,0.069,0.146,0.108,9.2,0.599,0.623,0.114,95.8,0.08,35.39705882352941
2025-26,1630631,Jose Alvarado,1610612752,NYK,28.0,69,19.858502415458936,2.710144927536232,6.507246376811594,1.463768115942029,4.159420289855072,0.5072463768115942,0.6666666666666666,0.37681159420289856,2.101449275362319,2.4782608695652173,3.391304347826087,1.1159420289855073,0.9565217391304348,0.11594202898550725,0.37681159420289856,1.8695652173913044,0.8985507246376812,7.391304347826087,17.553623188405798,0.014492753623188406,0.0,2,0.244,3.04,30.0,0.018,0.1,0.06,9.9,0.529,0.543,0.167,99.57,0.088,41.11594202898551
2025-26,1630581,Josh Giddey,1610612741,CHI,23.0,54,32.06216049382716,5.944444444444445,13.277777777777779,1.9074074074074074,5.2407407407407405,3.2222222222222223,4.222222222222222,1.2407407407407407,7.055555555555555,8.296296296296296,9.148148148148149,3.6296296296296298,1.0185185185185186,0.5,0.8148148148148148,1.6666666666666667,2.9074074074074074,17.01851851851852,41.62222222222222,0.5185185185185185,0.24074074074074073,1,0.41,2.52,32.8,0.037,0.201,0.121,13.0,0.52,0.562,0.238,104.46,0.142,69.77777777777777
2025-26,1630182,Josh Green,1610612766,CHA,25.0,58,15.653936781609195,1.4310344827586208,3.1206896551724137,1.0,2.3793103448275863,0.43103448275862066,0.4827586206896552,0.7758620689655172,0.9827586206896551,1.7586206896551724,0.8103448275862069,0.603448275862069,0.603448275862069,0.10344827586206896,0.08620689655172414,1.103448275862069,0.7413793103448276,4.293103448275862,9.136206896551723,0.0,0.0,1,0.069,1.34,17.2,0.048,0.06,0.054,12.8,0.619,0.644,0.104,98.23,0.059,31.844827586206897
2025-26,1628404,Josh Hart,1610612752,NYK,31.0,66,30.20568181818182,4.5606060606060606,8.969696969696969,1.5151515151515151,3.6666666666666665,1.3636363636363635,1.893939393939394,1.4090909090909092,5.954545454545454,7.363636363636363,4.803030303030303,1.9393939393939394,1.1363636363636365,0.25757575757575757,0.5606060606060606,2.5,2.0606060606060606,12.0,30.283333333333335,0.19696969696969696,0.030303030303030304,1,0.212,2.48,29.2,0.047,0.2,0.123,11.8,0.593,0.612,0.163,98.97,0.118,62.18181818181818
2025-26,1631169,Josh Minott,1610612751,BKN,23.0,49,17.014931972789118,2.5714285714285716,5.142857142857143,1.3061224489795917,3.122448979591837,0.9795918367346939,1.2448979591836735,0.9795918367346939,2.2448979591836733,3.2244897959183674,0.9387755102040817,0.8775510204081632,0.8979591836734694,0.4897959183673469,0.2653061224489796,1.489795918367347,1.1020408163265305,7.428571428571429,15.991836734693878,0.02040816326530612,0.0,2,0.083,1.07,12.6,0.055,0.128,0.091,11.8,0.627,0.653,0.162,98.94,0.104,34.857142857142854
2025-26,1642490,Josh Oduro,1610612740,NOP,25.0,3,27.255555555555556,3.6666666666666665,5.666666666666667,0.0,0.6666666666666666,1.0,2.0,3.6666666666666665,4.0,7.666666666666667,1.3333333333333333,0.6666666666666666,0.0,0.0,0.0,4.666666666666667,2.3333333333333335,8.333333333333334,18.866666666666667,0.3333333333333333,0.0,1,0.05,2.0,16.7,0.117,0.136,0.126,8.3,0.647,0.636,0.09,110.95,0.05,62.333333333333336
2025-26,1629006,Josh Okogie,1610612745,HOU,27.0,78,17.35655982905983,1.6025641025641026,3.769230769230769,0.7948717948717948,2.0641025641025643,0.5256410256410257,0.8846153846153846,1.0384615384615385,1.5256410256410255,2.5641025641025643,0.8846153846153846,0.5256410256410257,0.8076923076923077,0.20512820512820512,0.28205128205128205,1.3717948717948718,1.0897435897435896,4.5256410256410255,11.442307692307692,0.01282051282051282,0.0,1,0.065,1.68,15.8,0.059,0.085,0.072,9.4,0.531,0.544,0.112,98.25,0.056,35.03846153846154
2025-26,201950,Jrue Holiday,1610612757,POR,36.0,53,29.441540880503144,6.037735849056604,13.377358490566039,2.5849056603773586,6.830188679245283,1.6603773584905661,1.9811320754716981,1.3396226415094339,3.2830188679245285,4.622641509433962,6.0754716981132075,2.7547169811320753,1.0188679245283019,0.11320754716981132,0.7169811320754716,1.471698113207547,1.7358490566037736,16.32075471698113,31.62264150943396,0.16981132075471697,0.0,1,0.302,2.21,26.4,0.042,0.108,0.074,12.0,0.548,0.573,0.227,103.5,0.124,63.41509433962264
2025-26,1630577,Julian Champagnie,1610612759,SAS,25.0,82,27.63369918699187,3.6707317073170733,8.402439024390244,2.3780487804878048,6.2439024390243905,1.3902439024390243,1.646341463414634,0.9024390243902439,4.865853658536586,5.7682926829268295,1.548780487804878,0.8414634146341463,0.7560975609756098,0.4634146341463415,0.13414634146341464,1.5975609756097562,0.9878048780487805,11.109756097560975,23.171951219512195,0.08536585365853659,0.0,1,0.071,1.84,13.7,0.032,0.161,0.099,7.4,0.578,0.609,0.146,102.55,0.091,59.0
2025-26,1641763,Julian Phillips,1610612750,MIN,22.0,48,8.896180555555555,1.0625,2.5208333333333335,0.4166666666666667,1.3541666666666667,0.375,0.4791666666666667,0.4791666666666667,0.5416666666666666,1.0208333333333333,0.20833333333333334,0.22916666666666666,0.4583333333333333,0.14583333333333334,0.16666666666666666,0.8958333333333334,0.4375,2.9166666666666665,6.0375000000000005,0.0,0.0,2,0.032,0.91,6.6,0.053,0.054,0.053,7.3,0.504,0.534,0.134,105.72,0.046,19.645833333333332
2025-26,1642882,Julian Reese,1610612764,WAS,23.0,13,30.884615384615383,4.846153846153846,9.153846153846153,0.0,0.0,2.1538461538461537,3.3846153846153846,4.230769230769231,6.3076923076923075,10.538461538461538,1.8461538461538463,2.4615384615384617,1.3846153846153846,0.6153846153846154,1.8461538461538463,3.230769230769231,3.4615384615384617,11.846153846153847,30.799999999999997,0.38461538461538464,0.0,1,0.084,0.75,12.3,0.133,0.219,0.174,16.4,0.529,0.557,0.173,102.52,0.092,65.61538461538461
2025-26,1631124,Julian Strawther,1610612743,DEN,24.0,57,15.099532163742689,2.6140350877192984,5.5964912280701755,1.0175438596491229,2.6315789473684212,1.0,1.2280701754385965,0.21052631578947367,1.7894736842105263,2.0,1.0701754385964912,0.631578947368421,0.43859649122807015,0.10526315789473684,0.38596491228070173,1.280701754385965,1.1754385964912282,7.245614035087719,12.250877192982456,0.0,0.0,1,0.101,1.69,13.7,0.014,0.112,0.065,8.1,0.558,0.59,0.187,101.86,0.082,31.982456140350877
2025-26,203944,Julius Randle,1610612750,MIN,31.0,79,33.041729957805906,7.341772151898734,15.278481012658228,1.379746835443038,4.379746835443038,5.037974683544304,6.2784810126582276,1.6708860759493671,5.063291139240507,6.734177215189874,5.037974683544304,2.7468354430379747,1.0886075949367089,0.22784810126582278,0.759493670886076,2.8227848101265822,4.3924050632911396,21.10126582278481,37.94177215189873,0.189873417721519,0.0379746835443038,1,0.227,1.83,19.6,0.05,0.146,0.099,10.7,0.526,0.585,0.258,102.3,0.128,70.48101265822785
2025-26,1630551,Justin Champagnie,1610612764,WAS,25.0,69,19.963091787439613,3.36231884057971,6.695652173913044,0.7681159420289855,2.4057971014492754,1.1594202898550725,1.4782608695652173,2.101449275362319,3.463768115942029,5.565217391304348,1.2173913043478262,0.6521739130434783,0.855072463768116,0.6231884057971014,0.6811594202898551,1.6521739130434783,1.2028985507246377,8.652173913043478,20.93913043478261,0.057971014492753624,0.0,1,0.087,1.87,13.2,0.098,0.171,0.133,7.1,0.56,0.589,0.161,103.51,0.106,42.95652173913044
2025-26,1642348,Justin Edwards,1610612755,PHI,22.0,64,15.265911458333333,2.234375,5.0,1.046875,2.8125,0.515625,0.609375,0.40625,1.0625,1.46875,1.25,0.5625,0.84375,0.171875,0.265625,1.421875,0.515625,6.03125,12.153125,0.0,0.0,1,0.114,2.22,17.7,0.025,0.07,0.047,7.9,0.552,0.572,0.154,103.91,0.068,33.046875
2025-26,203994,Jusuf Nurkić,1610612762,UTA,31.0,41,26.41630081300813,4.390243902439025,8.731707317073171,0.6097560975609756,1.7317073170731707,1.5121951219512195,2.7560975609756095,2.5853658536585367,7.780487804878049,10.365853658536585,4.780487804878049,2.4634146341463414,1.2682926829268293,0.5365853658536586,0.7317073170731707,3.268292682926829,2.8048780487804876,10.902439024390244,33.46341463414634,0.3902439024390244,0.07317073170731707,1,0.261,1.94,27.8,0.089,0.279,0.182,14.3,0.538,0.548,0.186,105.32,0.121,57.97560975609756
2025-26,1642354,KJ Simpson,1610612743,DEN,23.0,20,12.880500000000001,1.7,4.95,0.6,2.0,0.55,0.9,0.45,1.4,1.85,2.15,1.25,0.8,0.0,0.4,0.9,1.35,4.55,11.145,0.0,0.0,2,0.246,1.72,24.6,0.034,0.112,0.072,14.3,0.404,0.426,0.21,100.24,0.065,26.85
2025-26,1642955,Kadary Richmond,1610612764,WAS,24.0,3,22.266666666666666,3.3333333333333335,5.333333333333333,0.6666666666666666,1.3333333333333333,1.0,1.0,0.3333333333333333,3.0,3.3333333333333335,2.6666666666666665,0.6666666666666666,2.6666666666666665,0.3333333333333333,0.0,0.6666666666666666,1.0,8.333333333333334,24.666666666666668,0.0,0.0,1,0.138,4.0,29.6,0.016,0.136,0.077,7.4,0.688,0.722,0.114,108.86,0.129,50.333333333333336
2025-26,1642880,Kam Jones,1610612754,IND,24.0,37,16.657432432432433,1.837837837837838,4.5675675675675675,0.5945945945945946,2.027027027027027,0.10810810810810811,0.21621621621621623,0.40540540540540543,1.2162162162162162,1.6216216216216217,3.2162162162162162,0.972972972972973,0.4864864864864865,0.0,0.32432432432432434,1.054054054054054,0.2972972972972973,4.378378378378378,11.635135135135135,0.02702702702702703,0.0,1,0.262,3.31,36.3,0.024,0.071,0.048,11.0,0.467,0.47,0.141,104.2,0.061,36.054054054054056
2025-26,1626157,Karl-Anthony Towns,1610612752,NYK,30.0,75,30.95708888888889,6.8933333333333335,13.76,1.5066666666666666,4.093333333333334,4.76,5.546666666666667,3.1066666666666665,8.746666666666666,11.853333333333333,3.013333333333333,2.493333333333333,0.8666666666666667,0.5333333333333333,0.9733333333333334,3.4,4.88,20.053333333333335,40.504000000000005,0.7466666666666667,0.013333333333333334,1,0.142,1.21,14.0,0.101,0.283,0.192,11.6,0.556,0.619,0.251,99.48,0.154,64.4
2025-26,1631255,Karlo Matković,1610612740,NOP,25.0,62,14.705752688172042,2.2903225806451615,3.7903225806451615,0.6129032258064516,1.4516129032258065,0.4838709677419355,0.6612903225806451,1.1612903225806452,2.532258064516129,3.693548387096774,0.8064516129032258,0.5483870967741935,0.4032258064516129,0.8709677419354839,0.16129032258064516,1.6935483870967742,0.5967741935483871,5.67741935483871,14.593548387096773,0.016129032258064516,0.0,1,0.079,1.47,14.8,0.074,0.155,0.115,10.1,0.685,0.696,0.128,102.42,0.108,31.322580645161292
2025-26,1642857,Kasparas Jakučionis,1610612748,MIA,20.0,53,17.82317610062893,1.9245283018867925,4.490566037735849,1.2452830188679245,2.943396226415094,1.0943396226415094,1.2452830188679245,0.8113207547169812,1.7924528301886793,2.6037735849056602,2.5849056603773586,0.9433962264150944,0.6226415094339622,0.1320754716981132,0.3018867924528302,1.8679245283018868,1.150943396226415,6.188679245283019,14.511320754716982,0.0,0.0,1,0.178,2.74,30.2,0.04,0.096,0.067,11.0,0.567,0.614,0.129,106.96,0.073,39.79245283018868
2025-26,202695,Kawhi Leonard,1610612746,LAC,35.0,65,32.072743589743595,9.76923076923077,19.353846153846153,2.646153846153846,6.846153846153846,5.707692307692308,6.4,1.0923076923076922,5.2615384615384615,6.3538461538461535,3.6,2.046153846153846,1.876923076923077,0.4153846153846154,0.5230769230769231,1.2,5.076923076923077,27.892307692307693,45.747692307692304,0.07692307692307693,0.0,1,0.193,1.76,13.1,0.036,0.162,0.102,7.4,0.573,0.629,0.326,97.53,0.185,65.3076923076923
2025-26,1630811,Keaton Wallace,1610612737,ATL,27.0,53,10.113018867924529,1.2830188679245282,3.2264150943396226,0.7169811320754716,1.9245283018867925,0.22641509433962265,0.33962264150943394,0.05660377358490566,1.0,1.0566037735849056,1.7735849056603774,0.5283018867924528,0.4528301886792453,0.09433962264150944,0.07547169811320754,0.9056603773584906,0.33962264150943394,3.509433962264151,8.550943396226415,0.0,0.0,1,0.264,3.36,31.2,0.005,0.097,0.05,9.3,0.509,0.52,0.161,102.54,0.077,21.58490566037736
2025-26,1631099,Keegan Murray,1610612758,SAC,25.0,23,34.48246376811594,5.478260869565218,13.043478260869565,1.3478260869565217,4.869565217391305,1.6521739130434783,2.130434782608696,1.434782608695652,4.304347826086956,5.739130434782608,1.6521739130434783,1.173913043478261,1.0434782608695652,1.565217391304348,0.6521739130434783,1.826086956521739,1.6521739130434783,13.956521739130435,29.97391304347826,0.08695652173913043,0.0,1,0.07,1.41,9.8,0.039,0.122,0.079,7.0,0.472,0.499,0.182,100.29,0.078,72.30434782608695
2025-26,1642276,Kel'el Ware,1610612748,MIA,22.0,77,22.12755411255411,4.467532467532467,8.428571428571429,1.1948051948051948,3.0259740259740258,0.922077922077922,1.2467532467532467,2.8181818181818183,6.194805194805195,9.012987012987013,0.7272727272727273,0.8051948051948052,0.7662337662337663,1.0909090909090908,0.33766233766233766,1.5454545454545454,1.077922077922078,11.051948051948052,27.724675324675328,0.3116883116883117,0.0,1,0.046,0.9,6.9,0.113,0.247,0.18,7.7,0.601,0.616,0.174,105.48,0.137,48.45454545454545
2025-26,1629640,Keldon Johnson,1610612759,SAS,26.0,82,23.31056910569106,5.048780487804878,9.71951219512195,1.2073170731707317,3.3292682926829267,1.8780487804878048,2.3658536585365852,1.670731707317073,3.6951219512195124,5.365853658536586,1.353658536585366,0.8536585365853658,0.5609756097560976,0.13414634146341464,0.7073170731707317,1.975609756097561,1.7804878048780488,13.182926829268293,22.884146341463413,0.06097560975609756,0.0,1,0.085,1.59,10.4,0.067,0.143,0.106,6.6,0.582,0.613,0.201,102.22,0.118,49.63414634146341
2025-26,203482,Kelly Olynyk,1610612759,SAS,35.0,42,8.576507936507936,1.119047619047619,2.2857142857142856,0.2857142857142857,1.119047619047619,0.6428571428571429,0.9047619047619048,0.5714285714285714,1.2380952380952381,1.8095238095238095,1.1666666666666667,0.5714285714285714,0.35714285714285715,0.07142857142857142,0.16666666666666666,0.9285714285714286,0.9285714285714286,3.1666666666666665,7.802380952380952,0.0,0.0,1,0.203,2.04,26.2,0.063,0.138,0.101,12.8,0.552,0.59,0.16,100.81,0.096,18.166666666666668
2025-26,1626162,Kelly Oubre Jr.,1610612755,PHI,30.0,50,31.486233333333335,5.08,10.88,1.72,4.78,2.22,2.9,1.0,4.04,5.04,1.6,1.38,1.36,0.48,0.66,2.54,2.52,14.1,26.688000000000002,0.1,0.0,1,0.073,1.16,10.6,0.031,0.121,0.077,9.2,0.546,0.58,0.179,100.39,0.083,65.82
2025-26,1631113,Kennedy Chandler,1610612762,UTA,23.0,11,32.29333333333334,5.545454545454546,12.454545454545455,1.3636363636363635,3.4545454545454546,2.5454545454545454,3.909090909090909,0.5454545454545454,2.8181818181818183,3.3636363636363638,6.7272727272727275,2.090909090909091,1.0,0.18181818181818182,1.2727272727272727,2.090909090909091,3.3636363636363638,15.0,30.58181818181818,0.09090909090909091,0.0,1,0.261,3.22,29.2,0.015,0.085,0.049,9.1,0.5,0.529,0.195,109.25,0.081,73.72727272727273
2025-26,1629026,Kenrich Williams,1610612760,OKC,31.0,56,15.270773809523808,2.5,5.285714285714286,0.8928571428571429,2.3035714285714284,0.5892857142857143,0.9285714285714286,1.0535714285714286,2.2857142857142856,3.3392857142857144,1.4107142857142858,0.7678571428571429,0.5535714285714286,0.08928571428571429,0.32142857142857145,1.0535714285714286,1.0178571428571428,6.482142857142857,13.766071428571427,0.017857142857142856,0.0,1,0.132,1.84,18.0,0.068,0.143,0.106,9.8,0.557,0.569,0.178,100.84,0.098,32.0
2025-26,203484,Kentavious Caldwell-Pope,1610612763,MEM,33.0,51,21.32467320261438,2.9411764705882355,7.176470588235294,1.0784313725490196,3.411764705882353,1.4313725490196079,1.5686274509803921,0.39215686274509803,2.0588235294117645,2.450980392156863,2.7254901960784315,1.196078431372549,0.8431372549019608,0.1568627450980392,0.23529411764705882,1.1176470588235294,1.3333333333333333,8.392156862745098,17.225490196078432,0.0,0.0,1,0.181,2.28,23.1,0.017,0.094,0.054,10.1,0.485,0.533,0.173,102.31,0.083,45.372549019607845
2025-26,1631165,Keon Ellis,1610612739,CLE,26.0,72,20.536643518518517,2.3472222222222223,5.333333333333333,1.2638888888888888,3.486111111111111,0.7083333333333334,0.9722222222222222,0.5277777777777778,1.3472222222222223,1.875,1.0,0.5694444444444444,1.1527777777777777,0.6388888888888888,0.09722222222222222,1.8611111111111112,1.1944444444444444,6.666666666666667,15.222222222222221,0.0,0.0,2,0.067,1.76,13.7,0.025,0.066,0.045,7.8,0.559,0.579,0.129,100.49,0.058,43.013888888888886
2025-26,1642352,Keshad Johnson,1610612748,MIA,25.0,32,8.735052083333333,1.59375,3.25,0.40625,1.375,0.65625,0.90625,0.8125,1.125,1.9375,0.25,0.40625,0.46875,0.25,0.1875,0.875,0.5625,4.25,8.7,0.03125,0.0,1,0.036,0.62,5.8,0.08,0.12,0.1,9.4,0.553,0.582,0.171,109.64,0.083,20.0625
2025-26,1642933,Keshon Gilbert,1610612737,ATL,23.0,4,18.445833333333333,1.25,3.0,0.0,0.75,1.75,1.75,0.5,0.75,1.25,3.0,2.0,0.75,1.0,0.0,1.25,1.25,4.25,13.5,0.0,0.0,2,0.222,1.5,34.3,0.028,0.046,0.036,22.9,0.417,0.564,0.131,101.16,0.049,39.0
2025-26,201142,Kevin Durant,1610612745,HOU,37.0,78,36.40799145299145,9.179487179487179,17.641025641025642,2.3846153846153846,5.769230769230769,5.230769230769231,5.987179487179487,0.5256410256410257,4.935897435897436,5.461538461538462,4.769230769230769,3.1538461538461537,0.7948717948717948,0.9102564102564102,0.5256410256410257,1.8205128205128205,4.782051282051282,25.974358974358974,41.64358974358974,0.08974358974358974,0.0,1,0.203,1.51,17.0,0.014,0.131,0.073,11.3,0.588,0.641,0.263,98.14,0.15,74.56410256410257
2025-26,1628989,Kevin Huerter,1610612765,DET,27.0,69,22.45038647342995,3.898550724637681,8.63768115942029,1.4492753623188406,4.7101449275362315,0.7971014492753623,1.0289855072463767,0.4927536231884058,2.9855072463768115,3.4782608695652173,2.579710144927536,1.0434782608695652,0.9130434782608695,0.4782608695652174,0.37681159420289856,1.6666666666666667,1.0434782608695652,10.043478260869565,21.217391304347824,0.014492753623188406,0.0,2,0.161,2.47,20.3,0.021,0.125,0.074,8.2,0.535,0.552,0.184,102.94,0.093,48.21739130434783
2025-26,201567,Kevin Love,1610612762,UTA,37.0,37,16.56216216216216,2.135135135135135,5.378378378378378,1.4324324324324325,3.8378378378378377,1.0,1.1891891891891893,1.4864864864864864,4.324324324324325,5.8108108108108105,1.8108108108108107,0.8108108108108109,0.3783783783783784,0.24324324324324326,0.02702702702702703,1.4594594594594594,1.1081081081081081,6.702702702702703,17.445945945945947,0.05405405405405406,0.0,1,0.145,2.23,21.3,0.083,0.256,0.167,9.6,0.53,0.568,0.161,104.18,0.103,36.054054054054056
2025-26,1641755,Kevin McCullar Jr.,1610612752,NYK,25.0,21,7.380634920634921,0.9523809523809523,2.238095238095238,0.38095238095238093,1.1428571428571428,0.09523809523809523,0.23809523809523808,0.5238095238095238,0.8095238095238095,1.3333333333333333,0.9523809523809523,0.5714285714285714,0.42857142857142855,0.0,0.09523809523809523,1.0476190476190477,0.23809523809523808,2.380952380952381,6.123809523809523,0.0,0.0,1,0.208,1.67,24.7,0.065,0.099,0.082,14.8,0.511,0.508,0.166,101.27,0.062,15.380952380952381
2025-26,1629645,Kevin Porter Jr.,1610612749,MIL,26.0,38,33.1846052631579,6.2894736842105265,13.526315789473685,1.2105263157894737,3.763157894736842,3.6052631578947367,4.105263157894737,0.8947368421052632,4.315789473684211,5.2105263157894735,7.368421052631579,2.8947368421052633,2.1842105263157894,0.5,0.8157894736842105,2.3157894736842106,3.6315789473684212,17.394736842105264,39.857894736842105,0.2631578947368421,0.05263157894736842,1,0.336,2.55,28.8,0.027,0.123,0.077,11.3,0.51,0.567,0.236,99.18,0.132,68.73684210526316
2025-26,1626172,Kevon Looney,1610612740,NOP,30.0,21,14.642222222222223,1.1904761904761905,2.857142857142857,0.09523809523809523,0.6190476190476191,0.3333333333333333,0.47619047619047616,2.2857142857142856,3.3333333333333335,5.619047619047619,1.619047619047619,0.42857142857142855,0.42857142857142855,0.47619047619047616,0.19047619047619047,1.619047619047619,0.38095238095238093,2.8095238095238093,14.266666666666667,0.0,0.0,1,0.148,3.78,31.5,0.132,0.214,0.171,8.3,0.433,0.458,0.096,102.64,0.093,31.428571428571427
2025-26,1641718,Keyonte George,1610612762,UTA,22.0,54,33.076080246913584,7.444444444444445,16.314814814814813,2.4814814814814814,6.685185185185185,6.2407407407407405,7.0,0.42592592592592593,3.259259259259259,3.685185185185185,6.148148148148148,3.074074074074074,1.0740740740740742,0.25925925925925924,1.0740740740740742,2.2222222222222223,4.7407407407407405,23.61111111111111,38.181481481481484,0.07407407407407407,0.0,1,0.286,2.0,21.6,0.012,0.096,0.054,10.8,0.532,0.609,0.275,103.25,0.122,71.11111111111111
2025-26,1642863,Khaman Maluach,1610612756,PHX,19.0,46,8.935326086956522,1.2173913043478262,2.282608695652174,0.10869565217391304,0.45652173913043476,0.4782608695652174,0.6739130434782609,1.065217391304348,1.826086956521739,2.891304347826087,0.13043478260869565,0.5434782608695652,0.10869565217391304,0.717391304347826,0.2608695652173913,0.9347826086956522,0.5869565217391305,3.0217391304347827,8.621739130434783,0.021739130434782608,0.0,1,0.021,0.24,4.0,0.107,0.198,0.151,16.6,0.557,0.586,0.142,97.92,0.098,18.5
2025-26,203114,Khris Middleton,1610612742,DAL,34.0,63,22.842645502645503,3.6031746031746033,8.571428571428571,1.0634920634920635,2.9523809523809526,1.8888888888888888,2.1587301587301586,0.8095238095238095,2.857142857142857,3.6666666666666665,2.7936507936507935,1.7142857142857142,0.6507936507936508,0.14285714285714285,0.3968253968253968,2.2857142857142856,1.7619047619047619,10.158730158730158,19.415873015873018,0.031746031746031744,0.0,2,0.171,1.63,20.0,0.033,0.118,0.075,12.3,0.482,0.533,0.198,103.88,0.073,49.492063492063494
2025-26,1630165,Killian Hayes,1610612758,SAC,24.0,23,17.63159420289855,1.826086956521739,6.0,0.7391304347826086,2.739130434782609,1.1304347826086956,1.2173913043478262,0.17391304347826086,2.1739130434782608,2.347826086956522,3.5217391304347827,1.2173913043478262,0.9130434782608695,0.17391304347826086,0.21739130434782608,1.565217391304348,1.0869565217391304,5.521739130434782,15.665217391304349,0.0,0.0,1,0.265,2.89,31.2,0.009,0.117,0.061,10.8,0.366,0.422,0.179,100.91,0.071,37.17391304347826
2025-26,202691,Klay Thompson,1610612742,DAL,36.0,69,21.693188405797102,4.144927536231884,10.55072463768116,2.927536231884058,7.63768115942029,0.5217391304347826,0.6811594202898551,0.2608695652173913,1.8115942028985508,2.072463768115942,1.391304347826087,0.9130434782608695,0.4782608695652174,0.3188405797101449,0.14492753623188406,1.0144927536231885,0.391304347826087,11.73913043478261,17.791304347826085,0.0,0.0,1,0.096,1.52,10.7,0.011,0.074,0.043,7.0,0.532,0.541,0.214,106.06,0.077,48.08695652173913
2025-26,1641738,Kobe Brown,1610612754,IND,26.0,61,15.776666666666667,2.081967213114754,4.442622950819672,0.8524590163934426,2.278688524590164,0.7704918032786885,0.9672131147540983,1.1147540983606556,1.9180327868852458,3.0327868852459017,1.3114754098360655,0.8688524590163934,0.3770491803278688,0.19672131147540983,0.39344262295081966,1.1311475409836065,0.9180327868852459,5.786885245901639,12.245901639344263,0.0,0.0,2,0.123,1.51,18.6,0.072,0.119,0.096,12.3,0.565,0.594,0.154,100.6,0.078,33.01639344262295
2025-26,1641723,Kobe Bufkin,1610612747,LAL,22.0,16,7.467708333333333,0.9375,3.125,0.3125,1.625,0.6875,0.75,0.0625,0.75,0.8125,0.625,0.3125,0.125,0.1875,0.125,0.5625,0.6875,2.875,5.4125,0.0,0.0,1,0.128,2.0,14.1,0.008,0.102,0.055,7.0,0.35,0.416,0.219,102.44,0.038,16.1875
2025-26,1642920,Kobe Sanders,1610612746,LAC,24.0,68,19.873774509803923,2.6323529411764706,5.647058823529412,1.1764705882352942,2.8823529411764706,0.8382352941176471,1.0147058823529411,0.4264705882352941,1.8235294117647058,2.25,1.6029411764705883,1.1911764705882353,0.7205882352941176,0.14705882352941177,0.2647058823529412,2.1470588235294117,0.9411764705882353,7.279411764705882,13.795588235294119,0.0,0.0,1,0.117,1.35,18.1,0.022,0.088,0.056,13.4,0.57,0.597,0.155,99.33,0.062,41.294117647058826
2025-26,1642886,Koby Brea,1610612756,PHX,23.0,12,6.988888888888888,1.25,3.0,1.0833333333333333,2.5,0.16666666666666666,0.16666666666666666,0.08333333333333333,0.5833333333333334,0.6666666666666666,0.8333333333333334,0.3333333333333333,0.08333333333333333,0.0,0.08333333333333333,0.5,0.08333333333333333,3.75,5.716666666666666,0.0,0.0,1,0.189,2.5,19.6,0.012,0.088,0.048,7.8,0.597,0.61,0.203,96.15,0.101,14.083333333333334
2025-26,1642851,Kon Knueppel,1610612766,CHA,20.0,81,31.490699588477362,6.3580246913580245,13.382716049382717,3.3703703703703702,7.925925925925926,2.4074074074074074,2.7901234567901234,1.1975308641975309,4.135802469135802,5.333333333333333,3.382716049382716,1.9876543209876543,0.7037037037037037,0.2345679012345679,0.6296296296296297,2.0864197530864197,2.345679012345679,18.493827160493826,30.795061728395062,0.08641975308641975,0.0,1,0.158,1.7,17.0,0.036,0.128,0.082,10.0,0.601,0.633,0.216,99.73,0.115,65.39506172839506
2025-26,1627739,Kris Dunn,1610612746,LAC,32.0,82,27.195121951219512,2.768292682926829,5.817073170731708,0.975609756097561,2.6097560975609757,0.7560975609756098,0.9878048780487805,0.7073170731707317,2.597560975609756,3.3048780487804876,3.597560975609756,1.353658536585366,1.5975609756097562,0.17073170731707318,0.2804878048780488,2.3048780487804876,0.9024390243902439,7.2682926829268295,20.58170731707317,0.0,0.0,1,0.179,2.66,32.1,0.028,0.097,0.063,12.1,0.56,0.581,0.122,98.23,0.074,55.609756097560975
2025-26,1631200,Kris Murray,1610612757,POR,25.0,57,23.38964912280702,2.263157894736842,4.842105263157895,0.5964912280701754,2.1403508771929824,0.6842105263157895,1.0,1.5789473684210527,2.0350877192982457,3.6140350877192984,1.4210526315789473,0.8245614035087719,0.8947368421052632,0.38596491228070173,0.3157894736842105,1.6140350877192982,0.8421052631578947,5.807017543859649,15.292982456140352,0.0,0.0,1,0.082,1.72,18.9,0.062,0.084,0.073,11.0,0.529,0.55,0.103,102.27,0.063,49.8421052631579
2025-26,204001,Kristaps Porziņģis,1610612744,GSW,30.0,32,24.027864583333333,5.40625,12.125,1.6875,5.0,4.15625,4.9375,1.25,3.96875,5.21875,2.53125,1.28125,0.5625,1.1875,0.4375,2.875,4.3125,16.65625,30.684375,0.03125,0.0,2,0.162,1.98,13.9,0.05,0.158,0.104,7.0,0.515,0.582,0.265,103.63,0.124,51.8125
2025-26,203937,Kyle Anderson,1610612750,MIN,32.0,43,19.842713178294574,2.488372093023256,4.6976744186046515,0.09302325581395349,0.2558139534883721,1.1162790697674418,1.5813953488372092,0.9767441860465116,2.511627906976744,3.488372093023256,2.9302325581395348,0.9069767441860465,1.0465116279069768,0.6046511627906976,0.27906976744186046,2.2325581395348837,1.4651162790697674,6.186046511627907,18.813953488372093,0.0,0.0,3,0.204,3.23,31.7,0.047,0.121,0.084,9.8,0.54,0.573,0.131,103.85,0.095,42.883720930232556
2025-26,1642271,Kyle Filipowski,1610612762,UTA,22.0,77,23.388874458874458,4.194805194805195,8.532467532467532,0.961038961038961,2.961038961038961,2.064935064935065,2.7532467532467533,1.87012987012987,5.298701298701299,7.1688311688311686,2.5714285714285716,1.6233766233766234,0.948051948051948,0.5064935064935064,0.6623376623376623,3.012987012987013,1.948051948051948,11.415584415584416,26.615584415584415,0.16883116883116883,0.0,1,0.156,1.58,18.4,0.076,0.225,0.149,11.6,0.548,0.586,0.197,104.07,0.106,50.72727272727273
2025-26,1628398,Kyle Kuzma,1610612749,MIL,30.0,69,26.170169082125604,4.913043478260869,9.985507246376812,1.2028985507246377,3.463768115942029,1.9565217391304348,2.6956521739130435,0.8260869565217391,3.710144927536232,4.536231884057971,2.6666666666666665,1.7246376811594204,0.6666666666666666,0.4057971014492754,0.5362318840579711,1.9420289855072463,2.260869565217391,12.985507246376812,23.92173913043478,0.057971014492753624,0.0,1,0.153,1.55,17.2,0.032,0.134,0.084,11.1,0.552,0.581,0.212,100.59,0.096,54.6231884057971
2025-26,200768,Kyle Lowry,1610612755,PHI,40.0,14,8.431428571428572,0.2857142857142857,1.7857142857142858,0.2857142857142857,1.7857142857142858,0.35714285714285715,0.42857142857142855,0.0,0.6428571428571429,0.6428571428571429,0.7857142857142857,0.2857142857142857,0.14285714285714285,0.14285714285714285,0.0,0.5714285714285714,0.42857142857142855,1.2142857142857142,3.7357142857142853,0.0,0.0,1,0.131,2.75,25.6,0.0,0.065,0.032,9.3,0.24,0.308,0.106,105.12,0.013,18.714285714285715
2025-26,1642273,Kyshawn George,1610612764,WAS,22.0,48,28.978402777777777,5.270833333333333,12.020833333333334,2.0625,5.416666666666667,2.1875,2.7291666666666665,0.8958333333333334,4.208333333333333,5.104166666666667,4.458333333333333,2.6041666666666665,1.0,0.8958333333333334,0.7708333333333334,3.5208333333333335,2.6458333333333335,14.791666666666666,30.6875,0.0625,0.0,1,0.226,1.71,22.0,0.028,0.135,0.081,12.9,0.524,0.559,0.222,103.49,0.09,62.375
2025-26,1643018,LJ Cryer,1610612744,GSW,24.0,18,16.23037037037037,2.611111111111111,6.5,2.0555555555555554,5.222222222222222,0.9444444444444444,1.0555555555555556,0.2222222222222222,1.3333333333333333,1.5555555555555556,1.0,0.7777777777777778,0.16666666666666666,0.0,0.05555555555555555,1.5555555555555556,0.7222222222222222,8.222222222222221,11.31111111111111,0.0,0.0,1,0.092,1.29,11.6,0.014,0.084,0.049,9.0,0.56,0.59,0.196,99.16,0.07,34.0
2025-26,1630163,LaMelo Ball,1610612766,CHA,24.0,72,28.020092592592594,7.027777777777778,17.27777777777778,3.7777777777777777,10.277777777777779,2.236111111111111,2.486111111111111,0.9027777777777778,3.9166666666666665,4.819444444444445,7.138888888888889,2.8055555555555554,1.2083333333333333,0.25,0.7361111111111112,2.7083333333333335,3.0416666666666665,20.069444444444443,38.13055555555556,0.1388888888888889,0.013888888888888888,1,0.384,2.54,25.3,0.03,0.14,0.084,9.9,0.516,0.546,0.306,99.43,0.134,58.25
2025-26,1642950,Lachlan Olbrich,1610612741,CHI,22.0,37,9.30328828828829,0.972972972972973,2.081081081081081,0.05405405405405406,0.5135135135135135,0.40540540540540543,1.0810810810810811,1.2162162162162162,1.8108108108108107,3.027027027027027,1.135135135135135,0.43243243243243246,0.32432432432432434,0.21621621621621623,0.16216216216216217,1.3243243243243243,1.0,2.4054054054054053,8.92972972972973,0.02702702702702703,0.02702702702702703,1,0.153,2.63,27.1,0.112,0.174,0.142,10.3,0.481,0.47,0.125,105.91,0.074,20.62162162162162
2025-26,1629013,Landry Shamet,1610612752,NYK,29.0,51,22.961862745098042,3.1176470588235294,7.137254901960785,2.019607843137255,5.1568627450980395,1.0588235294117647,1.4901960784313726,0.45098039215686275,1.3529411764705883,1.803921568627451,1.411764705882353,0.5882352941176471,0.6078431372549019,0.17647058823529413,0.35294117647058826,1.5098039215686274,1.588235294117647,9.313725490196079,15.360784313725489,0.0,0.0,1,0.084,2.4,14.5,0.019,0.058,0.038,6.0,0.578,0.598,0.151,99.44,0.07,47.509803921568626
2025-26,1626204,Larry Nance Jr.,1610612739,CLE,33.0,35,12.822,1.4857142857142858,3.5428571428571427,0.6,1.8,0.17142857142857143,0.37142857142857144,0.8285714285714286,1.8285714285714285,2.657142857142857,0.9714285714285714,0.5714285714285714,0.6,0.17142857142857143,0.2,1.5714285714285714,0.6,3.742857142857143,10.131428571428572,0.0,0.0,1,0.105,1.7,18.5,0.058,0.143,0.098,10.9,0.504,0.505,0.137,101.61,0.062,27.285714285714285
2025-26,1628374,Lauri Markkanen,1610612762,UTA,29.0,42,34.34753968253968,9.142857142857142,19.166666666666668,2.738095238095238,7.714285714285714,5.714285714285714,6.380952380952381,2.0,4.880952380952381,6.880952380952381,2.119047619047619,1.5,1.0,0.5,1.0952380952380953,1.8333333333333333,5.5,26.738095238095237,41.173809523809524,0.11904761904761904,0.0,1,0.101,1.41,8.4,0.054,0.134,0.094,5.9,0.548,0.608,0.269,104.48,0.139,74.69047619047619
2025-26,1643133,Lawson Lovering,1610612763,MEM,23.0,2,24.6325,3.0,5.0,0.0,0.0,1.0,2.5,3.0,4.5,7.5,1.5,1.0,1.5,0.5,0.5,3.5,2.0,7.0,23.25,0.5,0.0,1,0.07,1.5,17.6,0.105,0.188,0.143,11.8,0.6,0.574,0.106,110.59,0.07,57.0
2025-26,2544,LeBron James,1610612747,LAL,41.0,60,33.15091666666667,7.883333333333334,15.316666666666666,1.2833333333333334,4.05,3.8833333333333333,5.266666666666667,0.7166666666666667,5.35,6.066666666666666,7.2,2.9833333333333334,1.2,0.5833333333333334,0.75,1.35,3.7,20.933333333333334,41.38,0.2833333333333333,0.05,1,0.338,2.41,26.0,0.023,0.16,0.093,10.8,0.557,0.594,0.262,100.29,0.154,69.33333333333333
2025-26,1641778,Leaky Black,1610612764,WAS,27.0,15,28.871777777777776,2.6666666666666665,6.866666666666666,1.2666666666666666,3.6666666666666665,0.4666666666666667,0.5333333333333333,1.0,4.0,5.0,1.4666666666666666,0.9333333333333333,1.2,0.5333333333333333,0.2,2.6666666666666665,0.4666666666666667,7.066666666666666,19.533333333333335,0.0,0.0,1,0.064,1.57,15.4,0.032,0.14,0.084,9.8,0.481,0.498,0.113,103.63,0.051,62.06666666666667
2025-26,1631159,Leonard Miller,1610612741,CHI,22.0,46,15.623079710144927,3.152173913043478,5.695652173913044,0.6956521739130435,2.152173913043478,0.8478260869565217,1.1521739130434783,1.173913043478261,2.760869565217391,3.9347826086956523,0.8695652173913043,0.782608695652174,0.3695652173913043,0.32608695652173914,0.2608695652173913,1.4130434782608696,0.8695652173913043,7.8478260869565215,15.178260869565218,0.06521739130434782,0.0,2,0.077,1.11,11.1,0.073,0.158,0.118,10.0,0.615,0.633,0.176,106.87,0.104,34.891304347826086
2025-26,1642862,Liam McNeeley,1610612766,CHA,20.0,31,11.855537634408602,1.2258064516129032,3.064516129032258,0.7741935483870968,1.935483870967742,1.032258064516129,1.2580645161290323,0.41935483870967744,1.935483870967742,2.3548387096774195,0.7741935483870968,0.41935483870967744,0.16129032258064516,0.0967741935483871,0.1935483870967742,1.1612903225806452,0.9032258064516129,4.258064516129032,8.600000000000001,0.0,0.0,1,0.096,1.85,15.9,0.034,0.167,0.098,8.6,0.526,0.588,0.144,98.74,0.079,24.322580645161292
2025-26,1630322,Lindy Waters III,1610612759,SAS,28.0,40,7.116916666666667,0.825,2.2,0.675,1.975,0.05,0.075,0.075,0.65,0.725,0.475,0.175,0.15,0.025,0.05,0.6,0.275,2.375,4.3075,0.0,0.0,1,0.09,2.71,16.5,0.01,0.087,0.05,6.1,0.528,0.532,0.141,101.17,0.052,15.05
2025-26,1628366,Lonzo Ball,1610612739,CLE,28.0,35,20.792666666666666,1.5142857142857142,5.0285714285714285,1.1428571428571428,4.2,0.4,0.6,0.7428571428571429,3.257142857142857,4.0,3.8857142857142857,1.4857142857142858,1.2857142857142858,0.2571428571428571,0.17142857142857143,1.3142857142857143,0.4857142857142857,4.571428571428571,18.34285714285714,0.0,0.0,1,0.236,2.62,36.6,0.032,0.148,0.089,14.0,0.415,0.432,0.13,104.87,0.077,45.57142857142857
2025-26,1631351,Lucas Williamson,1610612763,MEM,27.0,7,31.962857142857143,3.5714285714285716,10.714285714285714,2.142857142857143,7.571428571428571,1.1428571428571428,1.1428571428571428,1.5714285714285714,3.857142857142857,5.428571428571429,2.5714285714285716,1.4285714285714286,1.5714285714285714,0.14285714285714285,1.0,3.7142857142857144,1.1428571428571428,10.428571428571429,24.514285714285712,0.14285714285714285,0.0,1,0.108,1.8,17.0,0.042,0.127,0.08,9.4,0.433,0.465,0.159,107.27,0.044,71.28571428571429
2025-26,1629652,Luguentz Dort,1610612760,OKC,27.0,69,26.793357487922705,2.927536231884058,7.594202898550725,1.855072463768116,5.391304347826087,0.6376811594202898,0.8405797101449275,0.8115942028985508,2.739130434782609,3.550724637681159,1.2318840579710144,0.782608695652174,0.8985507246376812,0.391304347826087,0.2028985507246377,2.5942028985507246,1.463768115942029,8.347826086956522,17.543478260869566,0.0,0.0,1,0.059,1.57,12.4,0.03,0.094,0.063,7.8,0.508,0.524,0.139,100.54,0.049,56.01449275362319
2025-26,1629029,Luka Dončić,1610612747,LAL,27.0,64,35.75940104166666,10.828125,22.765625,3.96875,10.84375,7.859375,10.078125,0.640625,7.09375,7.734375,8.28125,3.984375,1.640625,0.53125,0.4375,2.390625,7.25,33.484375,57.71875,0.53125,0.125,1,0.387,2.08,21.1,0.019,0.194,0.11,10.1,0.563,0.616,0.368,100.73,0.188,75.0625
2025-26,1630568,Luka Garza,1610612738,BOS,27.0,69,16.20157004830918,2.9855072463768115,5.173913043478261,0.7971014492753623,1.8405797101449275,1.3043478260869565,1.6956521739130435,2.260869565217391,1.8115942028985508,4.072463768115942,0.9565217391304348,0.6666666666666666,0.391304347826087,0.4057971014492754,0.36231884057971014,2.3333333333333335,1.7246376811594204,8.072463768115941,16.118840579710145,0.028985507246376812,0.0,1,0.085,1.43,12.7,0.129,0.11,0.12,8.9,0.654,0.682,0.168,97.4,0.103,32.82608695652174
2025-26,1628379,Luke Kennard,1610612747,LAL,30.0,78,21.54457264957265,3.0256410256410255,5.67948717948718,1.5,3.141025641025641,0.8076923076923077,0.8846153846153846,0.41025641025641024,1.9230769230769231,2.3333333333333335,2.230769230769231,0.7692307692307693,0.7051282051282052,0.10256410256410256,0.23076923076923078,1.294871794871795,0.6666666666666666,8.35897435897436,16.15897435897436,0.01282051282051282,0.01282051282051282,2,0.139,2.9,24.9,0.019,0.086,0.053,8.6,0.665,0.689,0.131,101.7,0.089,45.782051282051285
2025-26,1628436,Luke Kornet,1610612759,SAS,30.0,68,21.03058823529412,2.573529411764706,4.0,0.0,0.0,1.3823529411764706,1.6764705882352942,2.661764705882353,3.426470588235294,6.088235294117647,1.8529411764705883,0.4117647058823529,0.47058823529411764,0.9558823529411765,0.2647058823529412,1.7647058823529411,1.838235294117647,6.529411764705882,20.48235294117647,0.04411764705882353,0.0,1,0.114,4.5,26.3,0.116,0.147,0.132,5.8,0.643,0.689,0.1,102.41,0.109,44.86764705882353
2025-26,1631247,Luke Travers,1610612739,CLE,24.0,12,8.590972222222222,0.75,3.0,0.08333333333333333,1.3333333333333333,0.75,0.75,0.75,1.25,2.0,0.75,0.25,0.5833333333333334,0.3333333333333333,0.25,0.5,0.4166666666666667,2.3333333333333335,8.358333333333333,0.0,0.0,1,0.123,3.0,17.3,0.069,0.133,0.098,5.8,0.264,0.35,0.161,105.69,0.071,18.833333333333332
2025-26,1630644,Mac McClung,1610612741,CHI,27.0,11,12.288636363636364,2.090909090909091,5.363636363636363,0.6363636363636364,2.727272727272727,1.2727272727272727,1.6363636363636365,0.18181818181818182,0.7272727272727273,0.9090909090909091,0.9090909090909091,0.8181818181818182,1.0,0.2727272727272727,0.18181818181818182,1.7272727272727273,1.0,6.090909090909091,11.545454545454545,0.0,0.0,2,0.096,1.11,12.3,0.012,0.063,0.034,11.1,0.449,0.501,0.199,106.88,0.047,27.454545454545453
2025-26,1641869,Malachi Smith,1610612751,BKN,26.0,15,23.921333333333333,3.2,6.6,1.3333333333333333,3.066666666666667,0.5333333333333333,0.5333333333333333,0.8,2.6,3.4,3.2666666666666666,0.9333333333333333,0.8,0.26666666666666666,0.3333333333333333,0.8666666666666667,1.3333333333333333,8.266666666666667,19.513333333333332,0.06666666666666667,0.0,1,0.204,3.5,29.9,0.032,0.123,0.073,8.5,0.586,0.605,0.136,100.6,0.102,50.4
2025-26,1631103,Malaki Branham,1610612764,WAS,23.0,28,9.838511904761905,1.5357142857142858,3.25,0.5,1.3214285714285714,1.0,1.2142857142857142,0.42857142857142855,1.1428571428571428,1.5714285714285714,0.8214285714285714,0.5357142857142857,0.35714285714285715,0.10714285714285714,0.32142857142857145,0.75,0.6785714285714286,4.571428571428571,8.546428571428573,0.0,0.0,1,0.131,1.53,15.8,0.039,0.113,0.074,10.3,0.549,0.604,0.177,102.37,0.099,21.142857142857142
2025-26,1642502,Malevy Leons,1610612744,GSW,26.0,25,11.058866666666667,1.28,2.88,0.16,0.64,0.6,0.76,1.2,0.92,2.12,0.92,0.52,0.56,0.36,0.24,1.24,0.72,3.32,9.484,0.0,0.0,1,0.117,1.77,19.7,0.106,0.089,0.098,11.1,0.472,0.516,0.137,99.83,0.062,22.76
2025-26,1628370,Malik Monk,1610612758,SAC,28.0,62,21.99424731182796,4.467741935483871,10.193548387096774,2.0,5.064516129032258,1.5161290322580645,1.7258064516129032,0.24193548387096775,1.6451612903225807,1.8870967741935485,2.9838709677419355,1.467741935483871,0.5967741935483871,0.3870967741935484,0.5,1.596774193548387,1.4838709677419355,12.451612903225806,20.675806451612903,0.0,0.0,1,0.208,2.03,19.4,0.01,0.071,0.041,9.5,0.536,0.568,0.234,102.11,0.094,46.693548387096776
2025-26,1630699,MarJon Beauchamp,1610612755,PHI,25.0,14,14.00797619047619,2.357142857142857,5.428571428571429,1.1428571428571428,3.357142857142857,0.9285714285714286,1.3571428571428572,0.5,1.7857142857142858,2.2857142857142856,1.0714285714285714,0.9285714285714286,0.6428571428571429,0.2857142857142857,0.35714285714285715,0.9285714285714286,0.9285714285714286,6.785714285714286,12.992857142857144,0.0,0.0,1,0.109,1.15,13.3,0.033,0.114,0.075,11.5,0.539,0.563,0.203,104.76,0.087,30.285714285714285
2025-26,1631204,Marcus Sasser,1610612765,DET,25.0,38,12.013245614035087,1.8157894736842106,4.657894736842105,1.1578947368421053,2.789473684210526,0.39473684210526316,0.47368421052631576,0.18421052631578946,0.8421052631578947,1.0263157894736843,1.9736842105263157,0.8157894736842105,0.5263157894736842,0.10526315789473684,0.21052631578947367,1.0789473684210527,0.3684210526315789,5.184210526315789,10.455263157894738,0.0,0.0,1,0.217,2.42,25.8,0.016,0.07,0.044,10.7,0.514,0.533,0.197,101.68,0.078,25.289473684210527
2025-26,203935,Marcus Smart,1610612747,LAL,32.0,62,28.531908602150537,3.032258064516129,7.67741935483871,1.564516129032258,4.725806451612903,1.7096774193548387,2.0806451612903225,0.5806451612903226,2.193548387096774,2.774193548387097,2.9838709677419355,1.4838709677419355,1.403225806451613,0.3709677419354839,0.20967741935483872,2.6129032258064515,2.2903225806451615,9.338709677419354,20.98225806451613,0.0,0.0,1,0.133,2.01,22.9,0.022,0.077,0.05,11.4,0.497,0.543,0.151,100.07,0.059,59.53225806451613
2025-26,1641813,Mark Sears,1610612749,MIL,24.0,7,3.725952380952381,0.8571428571428571,1.8571428571428572,0.5714285714285714,1.1428571428571428,0.8571428571428571,1.1428571428571428,0.14285714285714285,0.14285714285714285,0.2857142857142857,0.2857142857142857,0.5714285714285714,0.0,0.0,0.0,0.5714285714285714,0.8571428571428571,3.142857142857143,3.3428571428571425,0.0,0.0,1,0.125,0.5,8.7,0.053,0.045,0.049,17.4,0.615,0.666,0.344,103.06,0.078,8.0
2025-26,1631109,Mark Williams,1610612756,PHX,24.0,60,23.600833333333334,4.7,7.3,0.016666666666666666,0.016666666666666666,2.25,2.9166666666666665,3.0833333333333335,4.866666666666666,7.95,0.9666666666666667,1.0833333333333333,0.9166666666666666,0.9166666666666666,0.43333333333333335,2.2,2.3833333333333333,11.666666666666666,27.073333333333334,0.23333333333333334,0.0,1,0.064,0.89,9.2,0.124,0.201,0.162,10.3,0.645,0.68,0.167,101.01,0.141,49.8
2025-26,1628365,Markelle Fultz,1610612761,TOR,28.0,5,7.153333333333333,0.4,2.2,0.0,0.0,0.0,0.0,0.0,0.2,0.2,1.6,0.8,0.4,0.0,0.2,0.4,0.0,0.8,3.84,0.0,0.0,1,0.308,2.0,34.8,0.0,0.025,0.013,17.4,0.182,0.182,0.163,112.73,0.0,16.6
2025-26,1628963,Marvin Bagley III,1610612742,DAL,27.0,60,20.015055555555556,4.233333333333333,6.85,0.4,0.8666666666666667,1.5833333333333333,2.4,2.5,3.6,6.1,1.4166666666666667,1.0166666666666666,0.4666666666666667,0.7166666666666667,0.5,2.05,2.0,10.45,22.428333333333335,0.1,0.0,2,0.107,1.39,13.7,0.116,0.171,0.143,9.8,0.647,0.661,0.18,103.2,0.123,43.13333333333333
2025-26,203486,Mason Plumlee,1610612759,SAS,36.0,20,8.574416666666668,0.55,0.7,0.0,0.0,0.45,0.7,0.85,1.8,2.65,1.0,0.6,0.5,0.0,0.05,0.85,0.75,1.55,7.13,0.0,0.0,2,0.145,1.67,38.5,0.099,0.224,0.159,23.1,0.786,0.769,0.074,103.28,0.084,18.45
2025-26,1641824,Matas Buzelis,1610612741,CHI,21.0,77,29.198030303030304,5.792207792207792,12.506493506493506,2.2467532467532467,6.428571428571429,2.4285714285714284,3.090909090909091,1.0,4.818181818181818,5.818181818181818,2.051948051948052,2.064935064935065,0.7142857142857143,1.5064935064935066,0.7402597402597403,2.2987012987012987,2.5844155844155843,16.25974025974026,30.916883116883117,0.05194805194805195,0.0,1,0.103,0.99,11.4,0.033,0.152,0.094,11.5,0.553,0.586,0.223,104.25,0.097,63.41558441558441
2025-26,1629680,Matisse Thybulle,1610612757,POR,29.0,30,15.988333333333333,1.9333333333333333,4.466666666666667,1.2333333333333334,3.1,0.7,0.8333333333333334,0.5666666666666667,1.4,1.9666666666666666,0.9,0.9333333333333333,2.0,0.5333333333333333,0.06666666666666667,1.4333333333333333,0.8,5.8,16.176666666666666,0.0,0.0,1,0.079,0.96,13.4,0.033,0.087,0.059,13.9,0.571,0.6,0.144,103.73,0.093,34.46666666666667
2025-26,1631108,Max Christie,1610612742,DAL,23.0,77,29.14909090909091,4.1558441558441555,9.415584415584416,2.3376623376623376,5.792207792207792,1.6233766233766234,1.8051948051948052,0.19480519480519481,3.038961038961039,3.2337662337662336,1.9610389610389611,1.2467532467532467,0.6103896103896104,0.35064935064935066,0.5324675324675324,1.2727272727272727,1.5324675324675325,12.272727272727273,20.73116883116883,0.0,0.0,1,0.095,1.57,14.6,0.006,0.097,0.052,9.3,0.566,0.601,0.162,103.23,0.079,62.64935064935065
2025-26,1642917,Max Shulga,1610612738,BOS,24.0,11,3.2977272727272724,0.18181818181818182,0.7272727272727273,0.09090909090909091,0.36363636363636365,0.18181818181818182,0.18181818181818182,0.2727272727272727,0.2727272727272727,0.5454545454545454,0.18181818181818182,0.2727272727272727,0.09090909090909091,0.0,0.0,0.9090909090909091,0.09090909090909091,0.6363636363636364,1.5636363636363635,0.0,0.0,1,0.087,0.67,14.3,0.07,0.083,0.076,21.4,0.313,0.394,0.128,106.52,-0.038,7.181818181818182
2025-26,1629622,Max Strus,1610612739,CLE,30.0,12,24.024583333333336,3.9166666666666665,8.833333333333334,2.75,6.833333333333333,0.5833333333333334,0.75,0.75,4.666666666666667,5.416666666666667,2.0,0.75,0.25,0.0,0.25,2.8333333333333335,1.1666666666666667,11.166666666666666,20.666666666666668,0.0,0.0,1,0.113,2.67,16.8,0.031,0.18,0.108,6.3,0.599,0.609,0.17,103.56,0.088,51.666666666666664
2025-26,1628467,Maxi Kleber,1610612747,LAL,34.0,43,10.721162790697674,0.7674418604651163,1.697674418604651,0.13953488372093023,0.6046511627906976,0.32558139534883723,0.6046511627906976,0.8372093023255814,1.1162790697674418,1.9534883720930232,0.627906976744186,0.3953488372093023,0.4186046511627907,0.2558139534883721,0.13953488372093023,1.3953488372093024,0.5581395348837209,2.0,6.913953488372093,0.0,0.0,1,0.075,1.59,20.8,0.084,0.107,0.095,13.1,0.493,0.509,0.092,101.41,0.038,22.906976744186046
2025-26,1642875,Maxime Raynaud,1610612758,SAC,23.0,74,26.53891891891892,5.175675675675675,9.067567567567568,0.32432432432432434,1.0,1.7837837837837838,2.27027027027027,1.9189189189189189,5.594594594594595,7.513513513513513,1.3513513513513513,1.2702702702702702,0.5135135135135135,0.527027027027027,0.5135135135135135,2.2972972972972974,1.9054054054054055,12.45945945945946,25.354054054054053,0.24324324324324326,0.0,1,0.074,1.06,10.6,0.07,0.211,0.14,10.0,0.589,0.619,0.178,101.41,0.109,56.013513513513516
2025-26,1642877,Micah Peavy,1610612740,NOP,24.0,61,14.966147540983606,1.7377049180327868,4.508196721311475,0.45901639344262296,1.7704918032786885,0.36065573770491804,0.47540983606557374,0.7540983606557377,1.1639344262295082,1.9180327868852458,1.0,0.32786885245901637,0.7049180327868853,0.14754098360655737,0.2786885245901639,1.5737704918032787,0.4426229508196721,4.295081967213115,10.326229508196722,0.0,0.0,1,0.089,3.05,16.5,0.046,0.073,0.059,5.4,0.436,0.455,0.135,103.08,0.044,31.9672131147541
2025-26,1630695,Micah Potter,1610612754,IND,28.0,47,19.325886524822696,3.2127659574468086,6.23404255319149,1.5106382978723405,3.574468085106383,1.8085106382978724,2.148936170212766,1.2340425531914894,3.723404255319149,4.957446808510638,1.4680851063829787,1.0,0.46808510638297873,0.3191489361702128,0.2127659574468085,1.7446808510638299,1.7659574468085106,9.74468085106383,19.25744680851064,0.14893617021276595,0.0,1,0.111,1.47,15.1,0.061,0.193,0.125,10.3,0.637,0.679,0.174,105.56,0.114,42.57446808510638
2025-26,1629008,Michael Porter Jr.,1610612751,BKN,28.0,52,32.47314102564103,8.538461538461538,18.423076923076923,3.3846153846153846,9.326923076923077,3.75,4.365384615384615,1.3269230769230769,5.730769230769231,7.0576923076923075,3.0384615384615383,2.3461538461538463,1.0576923076923077,0.25,0.7307692307692307,2.230769230769231,3.5,24.21153846153846,38.815384615384616,0.23076923076923078,0.0,1,0.165,1.3,12.0,0.04,0.188,0.11,9.3,0.555,0.595,0.292,97.97,0.141,66.46153846153847
2025-26,1628969,Mikal Bridges,1610612752,NYK,29.0,82,32.8284756097561,5.7560975609756095,11.74390243902439,1.9024390243902438,5.121951219512195,0.9878048780487805,1.1951219512195121,0.9634146341463414,2.841463414634146,3.8048780487804876,3.707317073170732,1.0121951219512195,1.3048780487804879,0.7560975609756098,0.23170731707317074,1.951219512195122,1.451219512195122,14.402439024390244,29.700000000000003,0.012195121951219513,0.0,1,0.158,3.66,21.9,0.029,0.085,0.057,6.0,0.571,0.587,0.17,98.88,0.099,67.4390243902439
2025-26,201144,Mike Conley,1610612750,MIN,38.0,54,18.357376543209877,1.3333333333333333,3.9814814814814814,1.037037037037037,3.074074074074074,0.8333333333333334,0.9259259259259259,0.3333333333333333,1.3888888888888888,1.7222222222222223,2.9074074074074074,0.6296296296296297,0.6481481481481481,0.25925925925925924,0.05555555555555555,1.5555555555555556,0.8888888888888888,4.537037037037037,13.057407407407409,0.0,0.0,1,0.205,4.62,36.7,0.017,0.074,0.045,7.9,0.465,0.517,0.113,102.58,0.061,39.31481481481482
2025-26,1628970,Miles Bridges,1610612766,CHA,28.0,77,31.003008658008657,6.220779220779221,13.532467532467532,1.922077922077922,5.779220779220779,2.7012987012987013,3.2857142857142856,0.974025974025974,4.87012987012987,5.8441558441558445,3.1948051948051948,1.3896103896103895,0.5974025974025974,0.44155844155844154,0.4935064935064935,1.7012987012987013,2.3376623376623376,17.064935064935064,30.5974025974026,0.1038961038961039,0.0,1,0.154,2.3,16.3,0.03,0.155,0.092,7.1,0.531,0.57,0.221,98.66,0.114,63.58441558441559
2025-26,1642939,Miles Kelly,1610612742,DAL,23.0,14,9.551666666666666,1.1428571428571428,3.142857142857143,0.7142857142857143,2.357142857142857,0.07142857142857142,0.07142857142857142,0.35714285714285715,1.3571428571428572,1.7142857142857142,0.8571428571428571,0.42857142857142855,0.2857142857142857,0.07142857142857142,0.0,0.8571428571428571,0.07142857142857142,3.0714285714285716,7.057142857142857,0.0,0.0,1,0.133,2.0,19.4,0.032,0.127,0.078,9.7,0.477,0.484,0.144,106.07,0.064,21.214285714285715
2025-26,1630540,Miles McBride,1610612752,NYK,25.0,41,26.342317073170733,4.170731707317073,9.853658536585366,2.731707317073171,6.609756097560975,0.9024390243902439,1.146341463414634,0.5853658536585366,1.853658536585366,2.4390243902439024,2.5853658536585367,0.8048780487804879,0.8536585365853658,0.21951219512195122,0.2682926829268293,1.7073170731707317,1.0,11.975609756097562,21.195121951219512,0.0,0.0,1,0.136,3.21,18.8,0.02,0.068,0.044,5.9,0.562,0.578,0.174,98.57,0.085,54.24390243902439
2025-26,1629011,Mitchell Robinson,1610612752,NYK,28.0,60,19.57502777777778,2.4833333333333334,3.433333333333333,0.0,0.0,0.7,1.7166666666666666,4.2,4.55,8.75,0.8666666666666667,0.6833333333333333,0.9333333333333333,1.1666666666666667,0.16666666666666666,2.1166666666666667,1.4666666666666666,5.666666666666667,23.083333333333332,0.1,0.0,1,0.058,1.27,15.1,0.201,0.227,0.214,11.9,0.723,0.676,0.102,98.23,0.124,39.833333333333336
2025-26,1628964,Mo Bamba,1610612762,UTA,28.0,4,10.95,1.25,2.75,0.0,0.0,0.0,0.0,2.5,3.0,5.5,0.25,0.5,0.0,0.75,0.0,1.5,0.25,2.5,11.225,0.0,0.0,2,0.037,0.5,7.1,0.208,0.226,0.218,14.3,0.455,0.455,0.123,98.08,0.091,22.25
2025-26,1642885,Mohamed Diawara,1610612752,NYK,21.0,69,9.1906038647343,1.3043478260869565,3.0869565217391304,0.6956521739130435,1.8840579710144927,0.2608695652173913,0.34782608695652173,0.21739130434782608,1.144927536231884,1.3623188405797102,0.7681159420289855,0.43478260869565216,0.2463768115942029,0.08695652173913043,0.10144927536231885,0.7246376811594203,0.2753623188405797,3.5652173913043477,6.917391304347826,0.0,0.0,1,0.114,1.77,17.3,0.024,0.125,0.075,9.8,0.535,0.55,0.169,99.57,0.076,18.985507246376812
2025-26,1628420,Monte Morris,1610612754,IND,31.0,6,10.769444444444444,1.1666666666666667,3.3333333333333335,0.3333333333333333,1.3333333333333333,0.3333333333333333,0.6666666666666666,0.16666666666666666,1.0,1.1666666666666667,1.5,0.3333333333333333,0.16666666666666666,0.16666666666666666,0.16666666666666666,0.5,0.5,3.0,7.316666666666666,0.0,0.0,1,0.29,4.5,27.3,0.012,0.08,0.044,6.1,0.4,0.414,0.141,106.6,0.076,24.0
2025-26,1629021,Moritz Wagner,1610612753,ORL,29.0,36,11.849861111111112,2.3055555555555554,5.416666666666667,0.6111111111111112,1.9444444444444444,1.6388888888888888,2.0,0.75,2.4444444444444446,3.1944444444444446,0.75,0.5277777777777778,0.4166666666666667,0.05555555555555555,0.5277777777777778,1.6111111111111112,1.8611111111111112,6.861111111111111,12.708333333333334,0.0,0.0,1,0.107,1.42,9.9,0.056,0.207,0.127,7.0,0.482,0.545,0.237,101.6,0.106,25.11111111111111
2025-26,1630541,Moses Moody,1610612744,GSW,24.0,60,25.66497222222222,4.083333333333333,9.283333333333333,2.5166666666666666,6.283333333333333,1.45,1.8833333333333333,0.85,2.4833333333333334,3.3333333333333335,1.6333333333333333,0.95,0.9666666666666667,0.5666666666666667,0.4,2.033333333333333,1.4,12.133333333333333,22.233333333333334,0.0,0.0,1,0.093,1.72,13.0,0.031,0.092,0.061,7.5,0.575,0.6,0.174,102.6,0.083,54.916666666666664
2025-26,1631338,Mouhamadou Gueye,1610612741,CHI,27.0,2,22.720833333333335,3.0,5.5,0.5,2.5,1.5,2.0,1.0,2.0,3.0,3.0,1.5,1.0,0.5,0.0,2.0,1.0,8.0,19.1,0.0,0.0,1,0.162,2.0,27.3,0.039,0.078,0.059,13.6,0.591,0.627,0.138,105.1,0.073,50.0
2025-26,1631243,Mouhamed Gueye,1610612737,ATL,23.0,77,15.309567099567099,1.7012987012987013,3.7662337662337664,0.5194805194805194,1.6883116883116882,0.5194805194805194,0.8051948051948052,1.155844155844156,2.4155844155844157,3.5714285714285716,0.8961038961038961,0.42857142857142855,0.7922077922077922,0.5064935064935064,0.14285714285714285,1.6493506493506493,0.7402597402597403,4.441558441558442,13.53896103896104,0.03896103896103896,0.0,1,0.076,2.09,16.5,0.071,0.151,0.111,7.9,0.521,0.539,0.12,102.61,0.075,32.63636363636363
2025-26,1630619,Moussa Cisse,1610612742,DAL,23.0,38,13.936315789473685,1.736842105263158,3.026315789473684,0.0,0.0,1.0,2.1315789473684212,2.3421052631578947,3.3421052631578947,5.684210526315789,0.23684210526315788,0.7894736842105263,0.5,1.1842105263157894,0.34210526315789475,1.9210526315789473,1.763157894736842,4.473684210526316,15.913157894736843,0.05263157894736842,0.0,1,0.023,0.3,4.7,0.15,0.215,0.182,15.8,0.574,0.564,0.136,104.05,0.087,30.105263157894736
2025-26,1631217,Moussa Diabaté,1610612766,CHA,24.0,73,26.013105022831052,3.136986301369863,4.972602739726027,0.0136986301369863,0.0273972602739726,1.5890410958904109,2.410958904109589,3.73972602739726,4.958904109589041,8.698630136986301,1.9315068493150684,1.0,0.7671232876712328,0.9863013698630136,0.5205479452054794,2.410958904109589,2.671232876712329,7.876712328767123,25.472602739726028,0.273972602739726,0.0,1,0.099,1.93,21.6,0.139,0.191,0.164,11.2,0.632,0.653,0.112,97.8,0.108,52.64383561643836
2025-26,1626167,Myles Turner,1610612749,MIL,30.0,71,26.92680751173709,4.0,9.098591549295774,2.0704225352112675,5.408450704225352,1.8450704225352113,2.492957746478873,1.056338028169014,4.267605633802817,5.323943661971831,1.4507042253521127,1.1690140845070423,0.704225352112676,1.619718309859155,0.4507042253521127,2.6056338028169015,2.2253521126760565,11.915492957746478,26.283098591549294,0.056338028169014086,0.0,1,0.079,1.24,11.3,0.039,0.152,0.096,9.1,0.553,0.584,0.181,100.47,0.086,56.49295774647887
2025-26,1642066,Myron Gardner,1610612748,MIA,25.0,45,9.122333333333334,1.3111111111111111,2.7333333333333334,0.5777777777777777,1.4222222222222223,0.4222222222222222,0.5777777777777777,0.8666666666666667,1.8444444444444446,2.7111111111111112,0.9777777777777777,0.37777777777777777,0.4444444444444444,0.17777777777777778,0.13333333333333333,1.7333333333333334,0.5333333333333333,3.6222222222222222,9.831111111111111,0.022222222222222223,0.0,1,0.143,2.59,22.6,0.079,0.193,0.132,8.7,0.585,0.606,0.139,107.28,0.093,20.4
2025-26,1642368,N'Faly Dante,1610612737,ATL,24.0,4,3.8541666666666665,0.25,1.0,0.0,0.0,0.25,0.25,0.75,1.0,1.75,0.0,0.25,0.5,0.0,0.0,0.25,0.5,0.75,4.1,0.0,0.0,1,0.0,0.0,0.0,0.167,0.25,0.206,20.0,0.25,0.338,0.119,98.08,0.116,8.25
2025-26,1641772,Nae'Qwan Tomlin,1610612739,CLE,25.0,64,15.681848958333333,2.34375,4.90625,0.421875,1.796875,0.734375,0.953125,1.34375,1.5625,2.90625,0.828125,0.453125,0.640625,0.53125,0.390625,1.953125,0.71875,5.84375,13.6359375,0.0,0.0,1,0.071,1.83,12.5,0.081,0.094,0.088,6.8,0.521,0.549,0.151,101.75,0.069,33.125
2025-26,1630230,Naji Marshall,1610612742,DAL,28.0,74,29.509999999999998,5.662162162162162,11.094594594594595,0.8378378378378378,2.8783783783783785,3.081081081081081,4.054054054054054,0.8783783783783784,3.824324324324324,4.702702702702703,3.2567567567567566,1.6081081081081081,1.1081081081081081,0.08108108108108109,0.6351351351351351,1.9324324324324325,2.581081081081081,15.243243243243244,27.73108108108108,0.02702702702702703,0.0,1,0.162,2.03,18.4,0.028,0.12,0.075,9.1,0.548,0.592,0.2,104.35,0.106,64.16216216216216
2025-26,1631466,Nate Williams,1610612744,GSW,27.0,14,17.083571428571428,3.0714285714285716,6.285714285714286,0.9285714285714286,2.142857142857143,0.9285714285714286,1.0714285714285714,1.4285714285714286,0.7142857142857143,2.142857142857143,1.0,1.0714285714285714,0.35714285714285715,0.0,0.5714285714285714,1.8571428571428572,1.2142857142857142,8.0,12.071428571428571,0.0,0.0,1,0.083,0.93,11.3,0.079,0.046,0.064,12.1,0.563,0.592,0.192,98.94,0.056,35.07142857142857
2025-26,1629675,Naz Reid,1610612750,MIN,26.0,77,26.069480519480518,5.1558441558441555,11.311688311688311,2.103896103896104,5.818181818181818,1.1688311688311688,1.5974025974025974,1.1688311688311688,5.025974025974026,6.194805194805195,2.207792207792208,1.6363636363636365,0.987012987012987,1.0129870129870129,0.5194805194805194,2.5324675324675323,1.5064935064935066,13.584415584415584,28.693506493506494,0.07792207792207792,0.0,1,0.124,1.35,13.9,0.042,0.187,0.113,10.3,0.549,0.565,0.212,102.77,0.112,56.01298701298701
2025-26,1629674,Neemias Queta,1610612738,BOS,26.0,76,25.34482456140351,4.2894736842105265,6.565789473684211,0.013157894736842105,0.10526315789473684,1.618421052631579,2.3026315789473686,3.026315789473684,5.342105263157895,8.368421052631579,1.6578947368421053,0.9868421052631579,0.7894736842105263,1.3157894736842106,0.47368421052631576,2.8421052631578947,2.486842105263158,10.210526315789474,28.068421052631578,0.2236842105263158,0.0,1,0.091,1.68,16.2,0.118,0.194,0.157,9.6,0.654,0.674,0.145,96.15,0.13,50.60526315789474
2025-26,1629651,Nic Claxton,1610612751,BKN,27.0,69,27.831400966183573,4.826086956521739,8.44927536231884,0.043478260869565216,0.2753623188405797,2.0434782608695654,3.318840579710145,2.4347826086956523,4.492753623188406,6.927536231884058,3.6666666666666665,1.391304347826087,0.6521739130434783,1.1159420289855073,0.6521739130434783,2.289855072463768,3.463768115942029,11.73913043478261,29.465217391304346,0.15942028985507245,0.028985507246376812,1,0.216,2.64,24.6,0.084,0.167,0.124,9.3,0.574,0.592,0.175,98.37,0.117,56.98550724637681
2025-26,1630208,Nick Richards,1610612741,CHI,28.0,48,14.598125000000001,2.1458333333333335,4.1875,0.10416666666666667,0.375,1.3541666666666667,2.1041666666666665,1.6041666666666667,3.4583333333333335,5.0625,0.3333333333333333,1.2291666666666667,0.20833333333333334,0.6666666666666666,0.7291666666666666,1.8333333333333333,1.7083333333333333,5.75,13.720833333333333,0.08333333333333333,0.0,2,0.033,0.27,5.0,0.103,0.221,0.163,18.4,0.525,0.562,0.176,102.27,0.079,31.0
2025-26,1641733,Nick Smith Jr.,1610612747,LAL,22.0,30,12.495888888888889,2.3333333333333335,5.366666666666666,1.1333333333333333,2.8666666666666667,0.36666666666666664,0.5,0.1,0.6666666666666666,0.7666666666666667,1.0333333333333334,0.7,0.3,0.06666666666666667,0.16666666666666666,0.9333333333333333,0.5666666666666667,6.166666666666667,9.036666666666667,0.0,0.0,1,0.127,1.48,14.2,0.009,0.054,0.032,9.6,0.54,0.552,0.212,101.35,0.067,26.466666666666665
2025-26,1629638,Nickeil Alexander-Walker,1610612737,ATL,27.0,78,33.37405982905983,7.0256410256410255,15.320512820512821,3.217948717948718,8.064102564102564,3.551282051282051,3.9358974358974357,0.6666666666666666,2.769230769230769,3.4358974358974357,3.6666666666666665,2.076923076923077,1.3076923076923077,0.5384615384615384,0.7692307692307693,2.217948717948718,3.7435897435897436,20.82051282051282,33.90512820512821,0.02564102564102564,0.0,1,0.155,1.77,16.2,0.019,0.079,0.049,9.2,0.564,0.61,0.23,104.38,0.105,72.66666666666667
2025-26,201587,Nicolas Batum,1610612746,LAC,37.0,74,17.494527027027026,1.2972972972972974,3.2162162162162162,1.2432432432432432,3.081081081081081,0.12162162162162163,0.14864864864864866,0.3108108108108108,2.175675675675676,2.4864864864864864,0.8648648648648649,0.5,0.6351351351351351,0.3108108108108108,0.013513513513513514,1.3513513513513513,0.12162162162162163,3.9594594594594597,10.578378378378378,0.0,0.0,1,0.069,1.73,18.7,0.018,0.119,0.071,10.8,0.597,0.603,0.092,98.96,0.058,36.067567567567565
2025-26,1628502,Nigel Hayes-Davis,1610612756,PHX,31.0,27,7.230123456790124,0.5555555555555556,1.7037037037037037,0.07407407407407407,0.5925925925925926,0.07407407407407407,0.14814814814814814,0.4444444444444444,0.7777777777777778,1.2222222222222223,0.25925925925925924,0.2962962962962963,0.2962962962962963,0.07407407407407407,0.037037037037037035,0.5925925925925926,0.14814814814814814,1.2592592592592593,3.9296296296296296,0.0,0.0,1,0.055,0.88,11.1,0.057,0.113,0.083,12.7,0.348,0.356,0.116,99.83,0.028,15.037037037037036
2025-26,203999,Nikola Jokić,1610612743,DEN,31.0,65,34.843923076923076,9.907692307692308,17.415384615384614,1.7230769230769232,4.538461538461538,6.138461538461539,7.384615384615385,2.953846153846154,9.907692307692308,12.861538461538462,10.723076923076922,3.7384615384615385,1.4153846153846155,0.8153846153846154,0.7692307692307693,2.6615384615384614,6.661538461538462,27.676923076923078,62.14923076923077,0.8461538461538461,0.5230769230769231,1,0.458,2.87,30.6,0.089,0.27,0.185,10.7,0.618,0.67,0.289,102.59,0.213,74.67692307692307
2025-26,1631107,Nikola Jović,1610612748,MIA,23.0,47,17.191879432624113,2.4468085106382977,6.680851063829787,0.9574468085106383,3.5531914893617023,1.4680851063829787,2.148936170212766,0.5319148936170213,2.723404255319149,3.25531914893617,2.1702127659574466,1.3829787234042554,0.5531914893617021,0.3617021276595745,0.2978723404255319,1.3829787234042554,1.8085106382978724,7.319148936170213,15.842553191489362,0.0,0.0,1,0.173,1.57,19.5,0.028,0.137,0.084,12.4,0.438,0.48,0.203,107.64,0.073,38.638297872340424
2025-26,1642260,Nikola Topić,1610612760,OKC,20.0,10,16.008333333333333,2.2,5.1,0.6,1.5,0.2,0.5,0.7,1.2,1.9,4.4,2.5,0.5,0.0,0.6,1.3,0.8,5.2,13.080000000000002,0.2,0.0,1,0.383,1.76,36.1,0.041,0.075,0.058,20.5,0.49,0.489,0.204,99.7,0.063,33.4
2025-26,202696,Nikola Vučević,1610612738,BOS,35.0,64,28.408098958333333,6.15625,12.484375,1.5625,4.234375,1.203125,1.453125,1.953125,6.4375,8.390625,3.328125,1.328125,0.609375,0.640625,0.46875,1.984375,1.828125,15.078125,32.5609375,0.359375,0.0,2,0.175,2.51,18.7,0.067,0.211,0.141,7.4,0.556,0.574,0.213,101.99,0.127,60.53125
2025-26,1642363,Nique Clifford,1610612758,SAC,24.0,75,25.092333333333332,3.32,7.946666666666666,1.0266666666666666,3.08,0.9333333333333333,1.2933333333333332,0.8666666666666667,2.8933333333333335,3.76,2.3866666666666667,1.5466666666666666,0.9066666666666666,0.32,0.52,2.08,0.9866666666666667,8.6,18.825333333333333,0.0,0.0,1,0.13,1.54,19.1,0.034,0.115,0.074,12.4,0.482,0.505,0.167,100.77,0.062,52.44
2025-26,1642855,Noa Essengue,1610612741,CHI,19.0,2,3.0166666666666666,0.0,1.5,0.0,1.0,0.0,0.0,0.0,0.0,0.0,0.0,0.0,0.5,0.0,0.5,0.5,0.0,0.0,1.5,0.0,0.0,1,0.0,0.0,0.0,0.0,0.0,0.0,0.0,0.0,0.0,0.188,115.36,-0.095,7.5
2025-26,1641730,Noah Clowney,1610612751,BKN,21.0,66,26.970656565656565,3.787878787878788,9.56060606060606,1.9545454545454546,5.9393939393939394,2.727272727272727,3.393939393939394,0.7878787878787878,3.3484848484848486,4.136363636363637,1.6363636363636365,1.5454545454545454,0.7575757575757576,0.6818181818181818,0.5909090909090909,2.5454545454545454,2.803030303030303,12.257575757575758,22.448484848484846,0.015151515151515152,0.0,1,0.095,1.06,11.5,0.029,0.128,0.077,10.8,0.498,0.554,0.202,98.49,0.072,55.25757575757576
2025-26,1642869,Noah Penda,1610612753,ORL,21.0,59,12.835169491525424,1.3898305084745763,3.440677966101695,0.5084745762711864,1.576271186440678,0.559322033898305,0.8135593220338984,1.1355932203389831,2.0338983050847457,3.169491525423729,1.1864406779661016,0.711864406779661,0.5084745762711864,0.3050847457627119,0.2033898305084746,1.1864406779661016,0.6779661016949152,3.847457627118644,11.159322033898304,0.03389830508474576,0.0,1,0.124,1.67,20.8,0.081,0.159,0.118,12.5,0.478,0.506,0.14,101.42,0.076,27.06779661016949
2025-26,1642849,Nolan Traore,1610612751,BKN,20.0,56,22.20342261904762,3.25,8.553571428571429,1.0892857142857142,3.4285714285714284,1.3214285714285714,1.6785714285714286,0.25,1.5178571428571428,1.7678571428571428,3.8035714285714284,2.3035714285714284,0.8035714285714286,0.4107142857142857,0.6428571428571429,2.125,1.3392857142857142,8.910714285714286,18.076785714285712,0.017857142857142856,0.0,1,0.265,1.65,24.7,0.011,0.073,0.04,14.9,0.444,0.479,0.224,98.4,0.056,45.42857142857143
2025-26,1641807,Norchad Omier,1610612746,LAC,24.0,6,3.9444444444444446,1.1666666666666667,1.6666666666666667,0.0,0.16666666666666666,0.5,0.5,0.6666666666666666,0.5,1.1666666666666667,0.3333333333333333,0.0,0.16666666666666666,0.0,0.16666666666666666,0.6666666666666666,0.3333333333333333,2.8333333333333335,5.233333333333333,0.0,0.0,1,0.182,0.0,15.4,0.129,0.2,0.152,0.0,0.7,0.751,0.18,98.37,0.16,8.333333333333334
2025-26,1626181,Norman Powell,1610612748,MIA,33.0,58,29.602356321839082,7.258620689655173,15.431034482758621,2.689655172413793,7.068965517241379,4.5344827586206895,5.482758620689655,0.3793103448275862,3.103448275862069,3.4827586206896552,2.4655172413793105,1.9137931034482758,1.103448275862069,0.2413793103448276,0.8793103448275862,2.189655172413793,3.8793103448275863,21.74137931034483,31.739655172413794,0.017241379310344827,0.0,1,0.123,1.29,11.3,0.012,0.097,0.054,8.7,0.558,0.609,0.262,105.69,0.113,65.3103448275862
2025-26,1628384,OG Anunoby,1610612752,NYK,28.0,67,33.192114427860695,5.8059701492537314,12.0,2.343283582089552,6.074626865671642,2.7313432835820897,3.298507462686567,1.2686567164179106,3.970149253731343,5.2388059701492535,2.1641791044776117,1.835820895522388,1.5522388059701493,0.7164179104477612,0.8059701492537313,2.4477611940298507,2.343283582089552,16.686567164179106,31.189552238805966,0.07462686567164178,0.0,1,0.09,1.18,12.4,0.039,0.116,0.078,10.5,0.581,0.62,0.194,99.84,0.099,68.92537313432835
2025-26,1630167,Obi Toppin,1610612754,IND,28.0,24,17.655208333333334,4.166666666666667,8.291666666666666,1.5416666666666667,4.375,1.75,1.9166666666666667,0.5416666666666666,3.875,4.416666666666667,2.2916666666666665,1.1666666666666667,0.5,0.041666666666666664,0.3333333333333333,1.1666666666666667,1.6666666666666667,11.625,20.820833333333333,0.0,0.0,1,0.193,1.96,18.3,0.03,0.206,0.12,9.3,0.595,0.636,0.241,104.11,0.143,38.291666666666664
2025-26,1630534,Ochai Agbaji,1610612751,BKN,26.0,62,15.696827956989248,1.967741935483871,4.516129032258065,0.5483870967741935,2.064516129032258,0.5806451612903226,0.6935483870967742,0.7419354838709677,1.532258064516129,2.274193548387097,0.7580645161290323,0.5,0.3870967741935484,0.27419354838709675,0.3387096774193548,1.5,0.5645161290322581,5.064516129032258,10.41451612903226,0.0,0.0,2,0.07,1.52,12.4,0.046,0.096,0.071,8.2,0.496,0.525,0.142,100.34,0.057,32.75806451612903
2025-26,1630846,Olivier Sarr,1610612739,CLE,27.0,4,9.8375,1.25,1.75,0.5,0.75,0.5,1.25,0.5,2.25,2.75,1.25,0.5,0.5,0.75,0.0,2.25,1.25,3.5,11.925,0.0,0.0,1,0.143,2.5,31.3,0.069,0.196,0.147,12.5,0.857,0.761,0.108,108.56,0.088,22.5
2025-26,1641765,Olivier-Maxence Prosper,1610612763,MEM,23.0,53,18.558333333333334,3.6226415094339623,6.60377358490566,1.1320754716981132,2.792452830188679,1.6226415094339623,2.150943396226415,1.1132075471698113,2.4150943396226414,3.5283018867924527,0.9622641509433962,0.8867924528301887,0.7547169811320755,0.24528301886792453,0.2641509433962264,1.5660377358490567,1.6037735849056605,10.0,17.79056603773585,0.018867924528301886,0.0,1,0.077,1.09,10.3,0.057,0.127,0.091,9.5,0.634,0.662,0.183,104.7,0.103,40.471698113207545
2025-26,1630209,Omer Yurtseven,1610612744,GSW,28.0,9,11.550555555555555,1.2222222222222223,2.888888888888889,0.0,0.4444444444444444,1.3333333333333333,2.0,1.4444444444444444,1.8888888888888888,3.3333333333333335,0.8888888888888888,1.0,0.2222222222222222,0.1111111111111111,0.4444444444444444,1.6666666666666667,1.8888888888888888,3.7777777777777777,9.11111111111111,0.0,0.0,1,0.103,0.89,15.4,0.133,0.167,0.15,17.3,0.423,0.501,0.167,104.58,0.054,25.11111111111111
2025-26,1630168,Onyeka Okongwu,1610612737,ATL,25.0,74,31.04011261261261,5.581081081081081,11.621621621621621,1.945945945945946,5.175675675675675,2.0675675675675675,2.72972972972973,1.8918918918918919,5.702702702702703,7.594594594594595,3.1216216216216215,1.7162162162162162,1.1081081081081081,1.0675675675675675,0.6891891891891891,3.2837837837837838,2.310810810810811,15.175675675675675,33.78243243243244,0.21621621621621623,0.0,1,0.14,1.82,17.7,0.058,0.178,0.117,9.7,0.564,0.592,0.189,104.39,0.104,67.54054054054055
2025-26,1631115,Orlando Robinson,1610612753,ORL,25.0,4,6.204166666666667,0.75,1.25,0.25,0.5,0.0,0.0,0.5,0.5,1.0,0.75,0.0,0.25,0.0,0.0,0.75,0.25,1.75,4.825,0.0,0.0,1,0.158,0.0,37.5,0.069,0.125,0.089,0.0,0.7,0.7,0.081,94.78,0.074,12.25
2025-26,1631131,Oscar Tshiebwe,1610612762,UTA,26.0,27,16.60814814814815,3.4074074074074074,5.37037037037037,0.0,0.0,1.0,1.8148148148148149,2.8518518518518516,3.7777777777777777,6.62962962962963,1.1851851851851851,0.7777777777777778,0.5925925925925926,0.18518518518518517,0.6296296296296297,1.4444444444444444,1.2962962962962963,7.814814814814815,19.1037037037037,0.1111111111111111,0.0,1,0.101,1.52,14.7,0.151,0.224,0.185,9.6,0.634,0.633,0.162,104.74,0.125,36.22222222222222
2025-26,1642345,Oso Ighodaro,1610612756,PHX,23.0,82,22.053292682926827,2.9146341463414633,4.463414634146342,0.0,0.012195121951219513,0.6463414634146342,1.4268292682926829,1.6829268292682926,3.4146341463414633,5.097560975609756,2.2560975609756095,1.2317073170731707,0.8902439024390244,0.6951219512195121,0.34146341463414637,2.658536585365854,1.3414634146341464,6.475609756097561,19.50121951219512,0.04878048780487805,0.0,1,0.139,1.83,26.4,0.071,0.158,0.113,14.4,0.653,0.636,0.12,98.44,0.09,45.073170731707314
2025-26,1631172,Ousmane Dieng,1610612749,MIL,23.0,57,19.288976608187134,2.9473684210526314,6.982456140350878,1.105263157894737,3.245614035087719,0.5614035087719298,0.7894736842105263,0.5087719298245614,2.6491228070175437,3.1578947368421053,2.3859649122807016,1.3157894736842106,0.43859649122807015,0.2982456140350877,0.2982456140350877,1.368421052631579,0.8070175438596491,7.56140350877193,15.824561403508772,0.08771929824561403,0.0,2,0.185,1.81,21.6,0.026,0.136,0.081,11.9,0.501,0.516,0.192,99.84,0.075,40.01754385964912
2025-26,1629023,P.J. Washington,1610612742,DAL,27.0,56,30.993214285714284,5.285714285714286,11.75,1.3571428571428572,4.178571428571429,2.232142857142857,3.25,1.5,5.535714285714286,7.035714285714286,1.75,1.6785714285714286,0.9821428571428571,1.0714285714285714,0.7678571428571429,2.125,2.392857142857143,14.160714285714286,29.710714285714285,0.14285714285714285,0.0,1,0.082,1.04,10.6,0.045,0.162,0.105,10.1,0.508,0.537,0.194,103.86,0.093,67.05357142857143
2025-26,1641790,PJ Hall,1610612766,CHA,24.0,19,11.230438596491227,1.5789473684210527,3.1052631578947367,0.15789473684210525,0.2631578947368421,1.2105263157894737,1.5263157894736843,1.736842105263158,2.210526315789474,3.9473684210526314,0.5263157894736842,0.8421052631578947,0.15789473684210525,0.5263157894736842,0.5263157894736842,1.1578947368421053,1.105263157894737,4.526315789473684,11.263157894736842,0.05263157894736842,0.0,2,0.077,0.63,10.2,0.146,0.18,0.163,16.3,0.534,0.599,0.17,101.68,0.098,23.68421052631579
2025-26,1642359,Pacôme Dadiet,1610612752,NYK,20.0,29,4.681379310344827,0.5517241379310345,1.6551724137931034,0.2413793103448276,1.103448275862069,0.3103448275862069,0.3793103448275862,0.13793103448275862,0.7931034482758621,0.9310344827586207,0.41379310344827586,0.10344827586206896,0.10344827586206896,0.034482758620689655,0.06896551724137931,0.27586206896551724,0.2413793103448276,1.6551724137931034,3.703448275862069,0.0,0.0,1,0.13,4.0,17.6,0.027,0.156,0.092,4.4,0.406,0.454,0.167,101.83,0.085,9.931034482758621
2025-26,1631094,Paolo Banchero,1610612753,ORL,23.0,72,34.745625,7.347222222222222,16.0,1.1666666666666667,3.8194444444444446,6.347222222222222,8.194444444444445,1.1805555555555556,7.208333333333333,8.38888888888889,5.180555555555555,3.0833333333333335,0.7083333333333334,0.5555555555555556,1.2222222222222223,2.0,5.458333333333333,22.208333333333332,40.75416666666667,0.3611111111111111,0.041666666666666664,1,0.235,1.68,18.6,0.034,0.204,0.119,11.0,0.496,0.566,0.274,100.96,0.138,73.125
2025-26,1627783,Pascal Siakam,1610612754,IND,32.0,62,33.17180107526882,9.016129032258064,18.629032258064516,1.6935483870967742,4.725806451612903,4.225806451612903,6.096774193548387,1.435483870967742,5.193548387096774,6.629032258064516,3.806451612903226,2.225806451612903,1.1129032258064515,0.4032258064516129,0.7741935483870968,2.370967741935484,5.145161290322581,23.951612903225808,39.938709677419354,0.16129032258064516,0.0,1,0.19,1.71,13.9,0.041,0.151,0.095,8.2,0.529,0.562,0.292,102.95,0.13,71.2741935483871
2025-26,1626192,Pat Connaughton,1610612766,CHA,33.0,42,7.059960317460317,0.9047619047619048,2.0238095238095237,0.5,1.2380952380952381,0.30952380952380953,0.47619047619047616,0.35714285714285715,1.0952380952380953,1.4523809523809523,0.42857142857142855,0.2619047619047619,0.2619047619047619,0.023809523809523808,0.11904761904761904,0.21428571428571427,0.4523809523809524,2.619047619047619,5.6,0.0,0.0,1,0.11,1.64,14.6,0.047,0.153,0.099,8.9,0.571,0.586,0.15,96.88,0.117,14.214285714285714
2025-26,1630311,Pat Spencer,1610612744,GSW,29.0,66,18.62010101010101,2.8181818181818183,6.606060606060606,0.9090909090909091,2.5454545454545454,0.6666666666666666,0.8636363636363636,0.7727272727272727,1.621212121212121,2.393939393939394,3.515151515151515,1.2878787878787878,0.7272727272727273,0.07575757575757576,0.48484848484848486,1.1363636363636365,0.7121212121212122,7.212121212121212,16.478787878787877,0.015151515151515152,0.0,1,0.27,2.73,29.8,0.041,0.091,0.065,10.9,0.495,0.516,0.185,99.81,0.087,38.666666666666664
2025-26,1631116,Patrick Baldwin Jr.,1610612758,SAC,23.0,9,11.38574074074074,1.2222222222222223,3.0,0.6666666666666666,1.5555555555555556,0.5555555555555556,0.7777777777777778,1.3333333333333333,1.2222222222222223,2.5555555555555554,0.5555555555555556,0.5555555555555556,0.3333333333333333,0.5555555555555556,0.0,1.6666666666666667,0.5555555555555556,3.6666666666666665,9.677777777777777,0.0,0.0,3,0.072,1.0,12.5,0.103,0.11,0.106,12.5,0.519,0.549,0.142,100.24,0.052,23.666666666666668
2025-26,1630172,Patrick Williams,1610612741,CHI,24.0,72,20.469166666666666,2.4722222222222223,6.638888888888889,1.3194444444444444,3.8055555555555554,0.75,1.0416666666666667,0.6805555555555556,2.3055555555555554,2.986111111111111,1.4583333333333333,1.0416666666666667,0.6805555555555556,0.3611111111111111,0.4166666666666667,1.2916666666666667,0.9444444444444444,7.013888888888889,14.868055555555555,0.0,0.0,1,0.101,1.4,15.2,0.03,0.106,0.067,10.9,0.472,0.494,0.159,105.67,0.057,45.138888888888886
2025-26,202331,Paul George,1610612755,PHI,36.0,37,30.676531531531534,6.081081081081081,13.864864864864865,2.7027027027027026,6.891891891891892,2.4594594594594597,3.0,0.5405405405405406,4.756756756756757,5.297297297297297,3.5945945945945947,1.7297297297297298,1.6756756756756757,0.43243243243243246,0.4594594594594595,2.27027027027027,2.5945945945945947,17.324324324324323,33.667567567567566,0.05405405405405406,0.0,1,0.175,2.08,17.6,0.017,0.147,0.081,8.5,0.536,0.57,0.229,100.33,0.117,64.16216216216216
2025-26,1630194,Paul Reed,1610612765,DET,27.0,65,13.855820512820513,3.2153846153846155,5.2153846153846155,0.2,0.6153846153846154,1.123076923076923,1.6923076923076923,2.0,2.523076923076923,4.523076923076923,1.2307692307692308,0.8923076923076924,0.8769230769230769,0.9230769230769231,0.36923076923076925,1.8461538461538463,1.2461538461538462,7.753846153846154,19.535384615384615,0.046153846153846156,0.0,1,0.134,1.38,15.2,0.142,0.176,0.159,11.0,0.636,0.65,0.2,101.72,0.153,29.246153846153845
2025-26,1630202,Payton Pritchard,1610612738,BOS,28.0,79,32.34839662447258,6.405063291139241,13.810126582278482,2.6835443037974684,7.113924050632911,1.5316455696202531,1.7215189873417722,0.8734177215189873,3.0759493670886076,3.949367088607595,5.1645569620253164,1.379746835443038,0.7341772151898734,0.12658227848101267,0.5316455696202531,1.4936708860759493,1.5822784810126582,17.025316455696203,30.71392405063291,0.06329113924050633,0.0,1,0.234,3.74,24.5,0.026,0.09,0.059,6.5,0.561,0.584,0.21,95.81,0.12,64.67088607594937
2025-26,1642362,Payton Sandfort,1610612760,OKC,23.0,4,15.833333333333334,3.25,6.5,1.75,4.25,0.5,1.0,0.25,2.25,2.5,0.0,0.25,0.25,0.0,0.0,2.0,0.5,8.75,12.25,0.0,0.0,1,0.0,0.0,0.0,0.014,0.145,0.075,3.4,0.635,0.63,0.186,103.07,0.066,34.0
2025-26,1641796,Pelle Larsson,1610612748,MIA,25.0,70,26.416333333333334,3.9571428571428573,7.985714285714286,0.8857142857142857,2.742857142857143,2.6285714285714286,3.3,0.9857142857142858,2.5,3.4857142857142858,3.3714285714285714,1.4428571428571428,0.7,0.22857142857142856,0.5,2.1142857142857143,3.1857142857142855,11.428571428571429,22.01142857142857,0.014285714285714285,0.0,1,0.163,2.34,23.7,0.035,0.088,0.062,10.2,0.551,0.605,0.165,105.49,0.084,57.957142857142856
2025-26,1631250,Pete Nance,1610612749,MIL,26.0,47,15.682943262411348,2.127659574468085,4.127659574468085,1.0638297872340425,2.5319148936170213,0.0851063829787234,0.23404255319148937,0.574468085106383,2.0851063829787235,2.6595744680851063,1.0212765957446808,0.5531914893617021,0.2978723404255319,0.2978723404255319,0.14893617021276595,1.3191489361702127,0.2765957446808511,5.404255319148936,11.361702127659575,0.02127659574468085,0.0,1,0.092,1.85,17.6,0.038,0.135,0.086,9.5,0.644,0.639,0.132,97.81,0.078,31.95744680851064
2025-26,1631212,Peyton Watson,1610612743,DEN,23.0,54,29.58811728395062,5.277777777777778,10.75925925925926,1.5,3.6481481481481484,2.5555555555555554,3.5,0.9074074074074074,3.9814814814814814,4.888888888888889,2.0555555555555554,1.7222222222222223,0.9259259259259259,1.1296296296296295,0.5925925925925926,2.5185185185185186,2.6296296296296298,14.61111111111111,28.005555555555556,0.037037037037037035,0.0,1,0.096,1.19,12.8,0.033,0.127,0.083,10.7,0.56,0.594,0.204,99.45,0.087,61.24074074074074
2025-26,1630173,Precious Achiuwa,1610612758,SAC,26.0,73,23.90664383561644,4.328767123287672,8.191780821917808,0.3698630136986301,1.3287671232876712,1.0547945205479452,1.904109589041096,2.4246575342465753,4.315068493150685,6.739726027397261,1.3835616438356164,0.8904109589041096,0.8904109589041096,0.684931506849315,0.589041095890411,1.6849315068493151,1.4657534246575343,10.082191780821917,24.08082191780822,0.1643835616438356,0.0,1,0.082,1.55,12.2,0.098,0.18,0.139,7.9,0.551,0.558,0.172,100.39,0.102,49.945205479452056
2025-26,1629656,Quentin Grimes,1610612755,PHI,26.0,75,29.409622222222225,4.533333333333333,10.066666666666666,1.6933333333333334,5.066666666666666,2.6533333333333333,3.16,0.6133333333333333,3.026666666666667,3.64,3.2533333333333334,1.7733333333333334,0.8533333333333334,0.37333333333333335,0.41333333333333333,2.066666666666667,2.64,13.413333333333334,24.567999999999998,0.02666666666666667,0.0,1,0.159,1.83,19.8,0.02,0.096,0.058,10.8,0.534,0.585,0.183,101.43,0.092,62.21333333333333
2025-26,1631245,Quenton Jackson,1610612754,IND,27.0,49,18.314795918367345,3.142857142857143,6.6938775510204085,0.8571428571428571,2.4081632653061225,2.0,2.4285714285714284,0.5714285714285714,1.7551020408163265,2.326530612244898,2.857142857142857,1.2653061224489797,0.6326530612244898,0.12244897959183673,0.5102040816326531,1.6734693877551021,2.5510204081632653,9.142857142857142,17.220408163265304,0.02040816326530612,0.0,1,0.227,2.26,24.1,0.03,0.092,0.061,10.7,0.534,0.589,0.2,105.34,0.096,40.30612244897959
2025-26,1642366,Quinten Post,1610612744,GSW,26.0,67,17.301467661691543,2.8805970149253732,6.552238805970149,1.3880597014925373,4.134328358208955,0.5074626865671642,0.6417910447761194,1.0149253731343284,3.0,4.014925373134329,1.4029850746268657,0.835820895522388,0.3880597014925373,0.5223880597014925,0.2537313432835821,1.8656716417910448,0.746268656716418,7.656716417910448,16.47462686567164,0.0,0.0,1,0.116,1.68,15.4,0.057,0.165,0.111,9.2,0.546,0.56,0.183,101.7,0.089,36.6865671641791
2025-26,1629628,RJ Barrett,1610612761,TOR,26.0,57,30.276491228070174,7.035087719298246,14.31578947368421,1.6842105263157894,4.964912280701754,3.508771929824561,4.894736842105263,0.9649122807017544,4.298245614035087,5.2631578947368425,3.3157894736842106,1.736842105263158,0.7368421052631579,0.3333333333333333,1.2280701754385965,2.5789473684210527,3.543859649122807,19.263157894736842,32.026315789473685,0.0,0.0,1,0.157,1.91,15.4,0.033,0.141,0.088,8.1,0.55,0.585,0.254,100.88,0.112,63.56140350877193
2025-26,1642853,Rasheer Fleming,1610612756,PHX,21.0,55,12.243666666666666,1.5818181818181818,3.909090909090909,0.8181818181818182,2.3636363636363638,0.34545454545454546,0.6181818181818182,1.0363636363636364,1.2181818181818183,2.2545454545454544,0.2909090909090909,0.5272727272727272,0.4,0.38181818181818183,0.14545454545454545,1.1636363636363636,0.4909090909090909,4.327272727272727,9.287272727272727,0.0,0.0,1,0.033,0.55,5.8,0.08,0.099,0.089,10.5,0.509,0.517,0.159,96.98,0.056,24.854545454545455
2025-26,1642484,RayJ Dennis,1610612737,ATL,25.0,17,12.131372549019607,1.5294117647058822,4.882352941176471,0.8235294117647058,2.6470588235294117,0.47058823529411764,0.5294117647058824,0.47058823529411764,1.0588235294117647,1.5294117647058822,1.9411764705882353,1.0,0.23529411764705882,0.23529411764705882,0.11764705882352941,1.2352941176470589,0.47058823529411764,4.352941176470588,9.511764705882353,0.0,0.0,3,0.26,1.94,24.1,0.03,0.081,0.053,12.4,0.398,0.425,0.195,105.2,0.051,26.647058823529413
2025-26,1641712,Rayan Rupert,1610612763,MEM,22.0,64,16.758515625,1.921875,4.890625,0.6875,2.125,0.65625,0.84375,0.75,2.1875,2.9375,1.0625,0.859375,0.859375,0.140625,0.421875,1.9375,0.625,5.1875,12.446875,0.046875,0.015625,2,0.093,1.24,14.8,0.04,0.129,0.082,12.0,0.463,0.493,0.148,103.02,0.055,35.921875
2025-26,1642263,Reed Sheppard,1610612745,HOU,22.0,82,26.181991869918697,4.963414634146342,11.536585365853659,2.768292682926829,7.024390243902439,0.8414634146341463,1.048780487804878,0.34146341463414637,2.5609756097560976,2.902439024390244,3.3780487804878048,1.5,1.4878048780487805,0.6585365853658537,0.43902439024390244,2.024390243902439,0.8170731707317073,13.536585365853659,27.02560975609756,0.024390243902439025,0.0,1,0.183,2.25,20.1,0.012,0.092,0.053,8.9,0.55,0.564,0.21,98.73,0.102,54.329268292682926
2025-26,1642434,Riley Minix,1610612739,CLE,25.0,9,6.453703703703704,1.5555555555555556,2.5555555555555554,0.4444444444444444,1.3333333333333333,0.3333333333333333,0.3333333333333333,0.2222222222222222,0.4444444444444444,0.6666666666666666,0.5555555555555556,0.3333333333333333,0.2222222222222222,0.1111111111111111,0.0,0.5555555555555556,0.4444444444444444,3.888888888888889,6.188888888888889,0.0,0.0,2,0.104,1.67,15.6,0.042,0.066,0.055,9.4,0.696,0.72,0.176,108.26,0.114,14.777777777777779
2025-26,1642265,Rob Dillingham,1610612741,CHI,21.0,65,14.922358974358975,2.5076923076923077,6.338461538461538,0.6461538461538462,2.046153846153846,0.6307692307692307,0.8461538461538461,0.2923076923076923,1.7230769230769232,2.0153846153846153,2.2,1.5384615384615385,0.7230769230769231,0.09230769230769231,0.5538461538461539,1.7538461538461538,0.8615384615384616,6.292307692307692,12.918461538461539,0.0,0.0,2,0.206,1.43,21.1,0.018,0.105,0.062,14.7,0.447,0.469,0.218,106.08,0.06,33.06153846153846
2025-26,1629057,Robert Williams III,1610612757,POR,28.0,59,17.088361581920903,3.0,4.237288135593221,0.15254237288135594,0.3898305084745763,0.576271186440678,0.9661016949152542,2.389830508474576,4.6440677966101696,7.033898305084746,1.0169491525423728,0.8305084745762712,0.5932203389830508,1.4745762711864407,0.2033898305084746,1.2542372881355932,0.7288135593220338,6.728813559322034,22.06779661016949,0.0847457627118644,0.0,1,0.089,1.22,15.5,0.133,0.25,0.192,12.7,0.726,0.722,0.129,102.86,0.163,36.610169491525426
2025-26,1642911,Rocco Zikarsky,1610612750,MIN,19.0,5,7.296666666666667,1.0,1.6,0.0,0.0,0.8,0.8,0.4,2.4,2.8,0.4,0.2,0.0,1.0,0.0,0.6,0.4,2.8,9.559999999999999,0.0,0.0,1,0.067,2.0,15.4,0.067,0.245,0.177,7.7,0.625,0.717,0.131,98.68,0.151,15.2
2025-26,1631199,Ron Harper Jr.,1610612738,BOS,26.0,29,10.94919540229885,1.5862068965517242,3.793103448275862,0.9655172413793104,2.7586206896551726,0.10344827586206896,0.13793103448275862,0.5172413793103449,1.1379310344827587,1.6551724137931034,0.7586206896551724,0.27586206896551724,0.3448275862068966,0.3103448275862069,0.034482758620689655,0.6896551724137931,0.3103448275862069,4.241379310344827,9.055172413793104,0.0,0.0,1,0.1,2.75,15.5,0.043,0.101,0.072,5.6,0.545,0.55,0.158,96.22,0.086,21.96551724137931
2025-26,1641842,Ronald Holland II,1610612765,DET,20.0,78,19.877542735042734,3.0128205128205128,6.9743589743589745,0.6410256410256411,2.5384615384615383,1.5384615384615385,1.9102564102564104,1.064102564102564,2.9743589743589745,4.038461538461538,1.2179487179487178,1.2307692307692308,1.1794871794871795,0.34615384615384615,0.5897435897435898,2.3461538461538463,1.8974358974358974,8.205128205128204,18.224358974358974,0.02564102564102564,0.0,1,0.088,0.99,12.0,0.052,0.141,0.097,12.1,0.478,0.525,0.184,101.85,0.085,41.85897435897436
2025-26,1626220,Royce O'Neale,1610612756,PHX,33.0,78,28.372478632478632,3.371794871794872,8.012820512820513,2.717948717948718,6.666666666666667,0.34615384615384615,0.48717948717948717,0.7564102564102564,4.012820512820513,4.769230769230769,2.6666666666666665,1.3205128205128205,1.0769230769230769,0.41025641025641024,0.08974358974358974,2.269230769230769,0.6923076923076923,9.807692307692308,22.671794871794873,0.02564102564102564,0.0,1,0.129,2.02,21.8,0.025,0.139,0.081,10.8,0.59,0.596,0.139,100.64,0.082,59.794871794871796
2025-26,203497,Rudy Gobert,1610612750,MIN,34.0,76,31.31640350877193,4.407894736842105,6.4605263157894735,0.0,0.06578947368421052,2.0921052631578947,3.973684210526316,3.9342105263157894,7.5394736842105265,11.473684210526315,1.6842105263157894,1.394736842105263,0.7631578947368421,1.631578947368421,0.5131578947368421,2.6184210526315788,4.026315789473684,10.907894736842104,32.992105263157896,0.4342105263157895,0.0,1,0.074,1.21,14.9,0.121,0.222,0.173,12.3,0.682,0.664,0.127,101.49,0.121,66.09210526315789
2025-26,1629060,Rui Hachimura,1610612747,LAL,28.0,68,28.331838235294118,4.514705882352941,8.779411764705882,1.7058823529411764,3.8529411764705883,0.7352941176470589,1.0588235294117647,0.6029411764705882,2.7205882352941178,3.323529411764706,0.8382352941176471,0.6176470588235294,0.5735294117647058,0.3088235294117647,0.3382352941176471,1.6176470588235294,0.6911764705882353,11.470588235294118,18.745588235294118,0.014705882352941176,0.0,1,0.041,1.36,7.8,0.023,0.094,0.06,5.8,0.611,0.62,0.149,100.83,0.073,59.51470588235294
2025-26,201566,Russell Westbrook,1610612758,SAC,37.0,64,28.94640625,5.59375,13.109375,2.0,5.921875,1.984375,2.859375,1.25,4.1875,5.4375,6.65625,3.265625,1.296875,0.1875,0.65625,2.296875,2.203125,15.171875,32.86875,0.25,0.09375,1,0.33,2.04,27.4,0.042,0.147,0.093,13.4,0.503,0.528,0.252,102.15,0.105,61.734375
2025-26,1642346,Ryan Dunn,1610612756,PHX,23.0,70,19.360642857142857,2.342857142857143,5.171428571428572,0.8,2.414285714285714,0.32857142857142857,0.6714285714285714,1.4142857142857144,2.8285714285714287,4.242857142857143,1.457142857142857,0.8,0.8571428571428571,0.4142857142857143,0.32857142857142857,1.8571428571428572,0.4857142857142857,5.814285714285714,16.10571428571429,0.02857142857142857,0.0,1,0.105,1.82,18.8,0.068,0.142,0.105,10.3,0.53,0.532,0.136,98.02,0.081,39.25714285714286
2025-26,1641750,Ryan Kalkbrenner,1610612766,CHA,24.0,69,21.43669082125604,3.1739130434782608,4.217391304347826,0.0,0.07246376811594203,1.2028985507246377,1.681159420289855,2.420289855072464,3.0434782608695654,5.463768115942029,0.782608695652174,0.8985507246376812,0.463768115942029,1.463768115942029,0.391304347826087,1.5507246376811594,1.3768115942028984,7.550724637681159,20.16521739130435,0.043478260869565216,0.0,1,0.053,0.87,11.8,0.109,0.133,0.121,13.5,0.753,0.762,0.113,100.4,0.108,44.91304347826087
2025-26,1642948,Ryan Nembhard,1610612742,DAL,23.0,60,19.514666666666667,2.7,6.5,0.8,2.25,0.4166666666666667,0.5166666666666667,0.21666666666666667,2.0,2.216666666666667,5.266666666666667,1.4166666666666667,0.4166666666666667,0.03333333333333333,0.2,1.4333333333333333,0.7333333333333333,6.616666666666666,17.11,0.06666666666666667,0.0,1,0.353,3.72,39.3,0.011,0.095,0.054,10.6,0.477,0.492,0.173,101.89,0.087,41.6
2025-26,1631157,Ryan Rollins,1610612749,MIL,23.0,74,32.101126126126125,6.5675675675675675,13.91891891891892,2.4864864864864864,6.121621621621622,1.6891891891891893,2.1216216216216215,0.7297297297297297,3.8378378378378377,4.5675675675675675,5.594594594594595,2.7162162162162162,1.4864864864864864,0.4189189189189189,0.9864864864864865,2.608108108108108,2.081081081081081,17.31081081081081,34.18378378378378,0.08108108108108109,0.0,1,0.264,2.06,24.2,0.023,0.115,0.07,11.7,0.561,0.583,0.236,99.55,0.111,66.48648648648648
2025-26,1630180,Saddiq Bey,1610612740,NOP,27.0,72,31.188541666666666,6.055555555555555,13.430555555555555,2.0972222222222223,5.722222222222222,3.4444444444444446,4.097222222222222,1.6805555555555556,3.875,5.555555555555555,2.5277777777777777,0.9444444444444444,0.9444444444444444,0.09722222222222222,0.7222222222222222,1.3194444444444444,2.4583333333333335,17.65277777777778,30.291666666666668,0.09722222222222222,0.0,1,0.12,2.68,13.5,0.051,0.12,0.085,5.1,0.529,0.579,0.213,102.05,0.112,66.20833333333333
2025-26,1630573,Sam Hauser,1610612738,BOS,28.0,78,24.796794871794873,3.230769230769231,7.705128205128205,2.5384615384615383,6.461538461538462,0.21794871794871795,0.2564102564102564,0.717948717948718,3.128205128205128,3.8461538461538463,1.4615384615384615,0.44871794871794873,0.48717948717948717,0.2948717948717949,0.10256410256410256,1.4487179487179487,0.4230769230769231,9.217948717948717,17.923076923076923,0.0,0.0,1,0.077,3.26,15.0,0.028,0.118,0.073,4.6,0.584,0.59,0.141,97.23,0.08,50.35897435897436
2025-26,1630241,Sam Merrill,1610612739,CLE,30.0,52,26.482179487179486,4.288461538461538,9.307692307692308,3.0384615384615383,7.211538461538462,1.1346153846153846,1.3269230769230769,0.5384615384615384,2.019230769230769,2.5576923076923075,2.4038461538461537,0.8076923076923077,0.6346153846153846,0.1346153846153846,0.19230769230769232,2.4423076923076925,1.75,12.75,20.924999999999997,0.019230769230769232,0.0,1,0.119,2.98,18.4,0.02,0.072,0.047,6.2,0.624,0.644,0.167,101.54,0.081,56.17307692307692
2025-26,1630572,Sandro Mamukelashvili,1610612761,TOR,27.0,80,21.883645833333333,4.125,7.8875,1.4375,3.7,1.475,1.975,1.35,3.5875,4.9375,1.8875,0.8375,0.8,0.5125,0.425,1.8375,1.3625,11.1625,23.01875,0.0375,0.0,1,0.123,2.25,16.5,0.06,0.163,0.111,7.3,0.614,0.637,0.181,101.19,0.123,46.075
2025-26,1630583,Santi Aldama,1610612763,MEM,25.0,43,27.86228682170543,5.3023255813953485,11.069767441860465,1.627906976744186,4.651162790697675,1.7674418604651163,2.6511627906976742,1.558139534883721,5.116279069767442,6.674418604651163,2.9302325581395348,1.2790697674418605,0.8604651162790697,0.7209302325581395,0.2558139534883721,1.6046511627906976,2.1627906976744184,14.0,29.869767441860468,0.11627906976744186,0.0,1,0.153,2.29,18.1,0.052,0.171,0.112,7.9,0.553,0.572,0.191,103.47,0.115,60.2093023255814
2025-26,1630703,Scoot Henderson,1610612757,POR,22.0,30,24.927666666666667,4.766666666666667,11.4,1.9,5.4,2.8,3.3333333333333335,0.6,2.066666666666667,2.6666666666666665,3.7333333333333334,2.433333333333333,0.9,0.3,0.6,2.8333333333333335,3.033333333333333,14.233333333333333,24.2,0.0,0.0,1,0.231,1.53,19.5,0.022,0.078,0.05,12.7,0.501,0.553,0.246,103.34,0.086,53.7
2025-26,1630567,Scottie Barnes,1610612761,TOR,24.0,80,33.509708333333336,7.1125,14.0375,0.85,2.8,3.025,3.7125,1.8625,5.6375,7.5,5.925,2.625,1.425,1.45,0.6,2.6375,3.3375,18.1,41.9875,0.375,0.0375,1,0.255,2.26,24.5,0.055,0.166,0.11,10.9,0.537,0.577,0.226,101.0,0.139,70.5625
2025-26,1630590,Scotty Pippen Jr.,1610612763,MEM,25.0,10,21.186666666666667,4.3,9.6,1.0,3.2,1.8,2.3,0.8,1.4,2.2,4.7,2.7,1.9,0.4,0.6,3.1,2.9,11.4,25.29,0.0,0.0,1,0.324,1.74,26.3,0.035,0.065,0.05,15.1,0.5,0.537,0.255,104.78,0.086,46.4
2025-26,1642951,Sean Pedulla,1610612746,LAC,23.0,7,4.428571428571429,0.7142857142857143,2.142857142857143,0.42857142857142855,1.4285714285714286,0.0,0.0,0.0,0.42857142857142855,0.42857142857142855,0.7142857142857143,0.14285714285714285,0.0,0.0,0.14285714285714285,0.5714285714285714,0.0,1.8571428571428572,3.3000000000000003,0.0,0.0,1,0.294,5.0,23.8,0.0,0.13,0.048,4.8,0.433,0.433,0.219,98.32,0.05,9.0
2025-26,203552,Seth Curry,1610612744,GSW,35.0,10,13.3,2.4,4.9,1.2,2.5,1.1,1.2,0.4,0.8,1.2,1.0,0.2,0.3,0.0,0.1,0.7,0.9,7.1,10.74,0.0,0.0,1,0.106,5.0,15.4,0.029,0.075,0.049,3.1,0.612,0.654,0.169,99.97,0.093,28.1
2025-26,1631101,Shaedon Sharpe,1610612757,POR,23.0,50,29.426033333333336,7.84,17.36,2.06,6.12,3.1,3.94,1.02,3.32,4.34,2.64,2.94,1.4,0.12,1.14,1.96,3.3,20.84,31.628,0.0,0.0,1,0.151,0.9,10.7,0.032,0.104,0.068,12.0,0.511,0.546,0.293,103.89,0.108,63.6
2025-26,1628983,Shai Gilgeous-Alexander,1610612760,OKC,27.0,68,33.21980392156863,10.75,19.426470588235293,1.6911764705882353,4.382352941176471,7.9411764705882355,9.029411764705882,0.5588235294117647,3.735294117647059,4.294117647058823,6.588235294117647,2.2205882352941178,1.3970588235294117,0.7647058823529411,0.8382352941176471,2.0441176470588234,6.102941176470588,31.13235294117647,50.432352941176475,0.11764705882352941,0.0,1,0.332,2.97,20.6,0.017,0.1,0.062,6.9,0.597,0.665,0.323,101.84,0.207,70.52941176470588
2025-26,1630536,Sharife Cooper,1610612764,WAS,25.0,41,17.073130081300814,3.097560975609756,6.024390243902439,0.7073170731707317,1.853658536585366,1.2195121951219512,1.4634146341463414,0.43902439024390244,1.6585365853658536,2.097560975609756,3.024390243902439,1.4878048780487805,0.3902439024390244,0.12195121951219512,0.6097560975609756,1.4878048780487805,1.6097560975609757,8.121951219512194,15.224390243902441,0.0,0.0,1,0.256,2.03,27.1,0.025,0.098,0.061,13.3,0.573,0.609,0.197,103.68,0.094,36.80487804878049
2025-26,1631321,Sidy Cissoko,1610612757,POR,22.0,75,19.13406666666667,1.7733333333333334,4.453333333333333,0.7866666666666666,2.64,0.7733333333333333,1.1733333333333333,0.8266666666666667,1.3866666666666667,2.2133333333333334,1.4666666666666666,0.9333333333333333,0.6933333333333334,0.3333333333333333,0.36,2.44,1.7066666666666668,5.1066666666666665,12.109333333333334,0.0,0.0,1,0.107,1.57,20.0,0.041,0.071,0.056,12.7,0.487,0.514,0.123,102.55,0.036,40.84
2025-26,1631323,Simone Fontecchio,1610612748,MIA,30.0,70,16.74957142857143,2.7714285714285714,6.728571428571429,1.7571428571428571,4.685714285714286,1.2285714285714286,1.457142857142857,0.8,2.2142857142857144,3.0142857142857142,1.4428571428571428,0.7,0.5285714285714286,0.12857142857142856,0.2857142857142857,1.4857142857142858,0.8428571428571429,8.528571428571428,15.581428571428573,0.0,0.0,1,0.121,2.06,15.4,0.042,0.118,0.08,7.5,0.542,0.579,0.184,105.28,0.09,36.77142857142857
2025-26,1642883,Sion James,1610612766,CHA,23.0,82,22.479024390243904,1.6829268292682926,4.536585365853658,1.0121951219512195,2.8780487804878048,1.0,1.1951219512195121,0.5975609756097561,2.902439024390244,3.5,1.9878048780487805,0.7926829268292683,0.6341463414634146,0.24390243902439024,0.34146341463414637,1.8048780487804879,1.1951219512195121,5.378048780487805,14.401219512195123,0.0,0.0,1,0.121,2.51,25.3,0.026,0.124,0.075,10.1,0.483,0.531,0.109,99.1,0.062,46.08536585365854
2025-26,1627746,Skal Labissiere,1610612764,WAS,30.0,3,12.516666666666666,2.0,3.3333333333333335,0.3333333333333333,1.6666666666666667,0.0,0.0,1.0,2.0,3.0,1.0,0.3333333333333333,0.6666666666666666,0.3333333333333333,0.0,1.0,0.0,4.333333333333333,12.1,0.0,0.0,1,0.115,3.0,21.4,0.07,0.146,0.107,7.1,0.65,0.65,0.117,99.07,0.124,25.666666666666668
2025-26,1642461,Spencer Jones,1610612743,DEN,25.0,64,22.13734375,2.0625,4.09375,0.890625,2.25,0.484375,0.796875,1.171875,2.09375,3.265625,0.796875,0.484375,0.8125,0.453125,0.25,2.734375,0.765625,5.5,13.9265625,0.015625,0.0,1,0.047,1.65,13.8,0.055,0.09,0.073,8.4,0.613,0.619,0.097,99.33,0.045,45.5
2025-26,1630649,Stanley Umude,1610612759,SAS,27.0,2,3.283333333333333,0.5,1.0,0.0,0.5,0.0,0.0,0.0,0.0,0.0,0.5,0.0,0.5,0.0,0.0,1.0,0.0,1.0,3.25,0.0,0.0,1,0.333,0.0,33.3,0.0,0.0,0.0,0.0,0.5,0.5,0.143,105.99,0.029,7.0
2025-26,201939,Stephen Curry,1610612744,GSW,38.0,43,30.90065891472868,8.69767441860465,18.58139534883721,4.4186046511627906,11.255813953488373,4.744186046511628,5.1395348837209305,0.3953488372093023,3.186046511627907,3.5813953488372094,4.72093023255814,2.813953488372093,1.1395348837209303,0.3953488372093023,0.6046511627906976,1.744186046511628,4.627906976744186,26.558139534883722,39.72790697674419,0.06976744186046512,0.0,1,0.245,1.68,16.8,0.013,0.1,0.057,10.0,0.587,0.637,0.308,103.66,0.146,66.81395348837209
2025-26,1642264,Stephon Castle,1610612759,SAS,21.0,68,29.966813725490198,5.661764705882353,12.014705882352942,1.1911764705882353,3.588235294117647,4.147058823529412,5.647058823529412,1.4411764705882353,3.8823529411764706,5.323529411764706,7.382352941176471,3.1911764705882355,1.1470588235294117,0.27941176470588236,1.0,3.264705882352941,4.411764705882353,16.66176470588235,35.21176470588235,0.2647058823529412,0.07352941176470588,1,0.344,2.31,29.4,0.047,0.119,0.084,12.7,0.521,0.575,0.243,102.28,0.117,63.73529411764706
2025-26,203500,Steven Adams,1610612745,HOU,32.0,32,22.82390625,2.1875,4.34375,0.0,0.0,1.46875,2.53125,4.53125,4.09375,8.625,1.5,1.09375,0.6875,0.625,0.28125,1.71875,2.1875,5.84375,21.2875,0.09375,0.0,1,0.084,1.37,18.5,0.189,0.165,0.177,13.5,0.504,0.535,0.116,97.69,0.1,46.71875
2025-26,1629004,Svi Mykhailiuk,1610612762,UTA,29.0,50,23.112233333333332,3.46,7.24,1.96,4.8,0.5,0.56,0.72,1.76,2.48,1.86,0.84,0.52,0.06,0.28,1.26,0.6,9.38,16.046,0.0,0.0,1,0.107,2.21,18.3,0.029,0.074,0.051,8.3,0.613,0.626,0.143,103.74,0.074,49.94
2025-26,204456,T.J. McConnell,1610612754,IND,34.0,56,17.187589285714285,4.321428571428571,8.035714285714286,0.2857142857142857,0.8928571428571429,0.44642857142857145,0.5178571428571429,0.39285714285714285,1.8214285714285714,2.2142857142857144,5.125,1.1428571428571428,1.0,0.17857142857142858,0.4107142857142857,1.1071428571428572,1.0535714285714286,9.375,22.1125,0.017857142857142856,0.0,1,0.469,4.48,35.3,0.022,0.104,0.063,7.9,0.556,0.567,0.227,103.65,0.15,37.30357142857143
2025-26,1643007,Taelon Peter,1610612754,IND,24.0,38,12.95342105263158,1.5789473684210527,4.157894736842105,1.0789473684210527,3.289473684210526,0.2631578947368421,0.42105263157894735,0.2631578947368421,1.2894736842105263,1.5526315789473684,1.0526315789473684,0.7105263157894737,0.6842105263157895,0.10526315789473684,0.13157894736842105,1.0,0.4473684210526316,4.5,9.6,0.0,0.0,1,0.113,1.48,17.3,0.019,0.096,0.057,11.7,0.509,0.518,0.159,105.12,0.057,28.289473684210527
2025-26,201959,Taj Gibson,1610612763,MEM,41.0,10,9.687333333333333,1.2,2.6,0.3,0.6,0.7,0.8,1.1,1.6,2.7,0.6,0.1,0.2,0.1,0.4,1.4,0.7,3.4,8.34,0.0,0.0,1,0.092,6.0,16.2,0.092,0.152,0.121,2.7,0.519,0.576,0.123,106.78,0.081,21.7
2025-26,1631106,Tari Eason,1610612745,HOU,25.0,60,25.818416666666668,4.016666666666667,9.666666666666666,1.55,4.333333333333333,0.8666666666666667,1.1166666666666667,2.066666666666667,4.2,6.266666666666667,1.5,1.35,1.2,0.4666666666666667,0.7166666666666667,2.3,1.0666666666666667,10.45,23.87,0.1,0.0,1,0.078,1.11,11.6,0.077,0.156,0.116,10.4,0.496,0.514,0.181,99.06,0.083,52.983333333333334
2025-26,1627752,Taurean Prince,1610612749,MIL,32.0,26,23.511666666666663,3.3076923076923075,7.346153846153846,2.3461538461538463,5.384615384615385,0.23076923076923078,0.23076923076923078,0.15384615384615385,2.9615384615384617,3.1153846153846154,1.7692307692307692,1.1923076923076923,0.6153846153846154,0.23076923076923078,0.19230769230769232,1.8461538461538463,0.5,9.192307692307692,16.93076923076923,0.07692307692307693,0.0,1,0.102,1.48,17.0,0.007,0.125,0.067,11.5,0.61,0.617,0.157,99.88,0.073,48.88461538461539
2025-26,1641707,Taylor Hendricks,1610612763,MEM,22.0,59,18.957033898305085,2.76271186440678,6.016949152542373,1.0677966101694916,3.1186440677966103,0.8305084745762712,1.2203389830508475,1.1016949152542372,2.6440677966101696,3.7457627118644066,0.9322033898305084,0.847457627118644,0.847457627118644,0.5084745762711864,0.3898305084745763,1.6779661016949152,1.0508474576271187,7.423728813559322,16.537288135593222,0.03389830508474576,0.0,2,0.07,1.1,11.3,0.054,0.141,0.096,10.3,0.548,0.566,0.157,103.17,0.077,40.74576271186441
2025-26,1629611,Terance Mann,1610612751,BKN,29.0,63,24.27010582010582,2.6666666666666665,5.841269841269841,0.8888888888888888,2.4444444444444446,1.0,1.2698412698412698,1.1111111111111112,2.0634920634920637,3.1746031746031744,3.015873015873016,1.126984126984127,0.6507936507936508,0.23809523809523808,0.3492063492063492,2.4603174603174605,1.253968253968254,7.222222222222222,17.095238095238095,0.0,0.0,1,0.182,2.68,28.6,0.044,0.089,0.066,10.7,0.533,0.564,0.133,98.07,0.066,49.507936507936506
2025-26,1630545,Terrence Shannon Jr.,1610612750,MIN,25.0,43,12.504069767441859,1.7906976744186047,3.9767441860465116,0.7209302325581395,1.7674418604651163,1.302325581395349,1.627906976744186,0.23255813953488372,0.9069767441860465,1.1395348837209303,0.8837209302325582,0.5581395348837209,0.32558139534883723,0.023255813953488372,0.32558139534883723,1.1627906976744187,1.2325581395348837,5.604651162790698,8.786046511627907,0.0,0.0,1,0.102,1.58,14.2,0.018,0.074,0.045,9.0,0.541,0.597,0.171,102.75,0.069,26.930232558139537
2025-26,203648,Thanasis Antetokounmpo,1610612749,MIL,33.0,34,4.35171568627451,0.4411764705882353,0.9411764705882353,0.0,0.11764705882352941,0.5,0.8823529411764706,0.35294117647058826,0.5294117647058824,0.8823529411764706,0.4411764705882353,0.29411764705882354,0.38235294117647056,0.17647058823529413,0.058823529411764705,0.5294117647058824,0.5882352941176471,1.3823529411764706,4.485294117647059,0.0,0.0,1,0.172,1.5,21.4,0.071,0.125,0.096,14.3,0.469,0.52,0.154,102.35,0.094,9.205882352941176
2025-26,1628418,Thomas Bryant,1610612739,CLE,28.0,60,12.196944444444446,2.25,4.45,0.7833333333333333,2.183333333333333,0.8833333333333333,1.1,0.9833333333333333,2.433333333333333,3.4166666666666665,0.55,0.4666666666666667,0.3,0.43333333333333335,0.18333333333333332,1.25,1.0833333333333333,6.166666666666667,12.825,0.016666666666666666,0.0,1,0.067,1.18,9.3,0.074,0.184,0.129,7.9,0.594,0.625,0.182,102.45,0.115,25.9
2025-26,1642275,Tidjane Salaün,1610612766,CHA,20.0,37,15.55081081081081,2.1621621621621623,4.297297297297297,0.972972972972973,2.2432432432432434,0.7027027027027027,1.0810810810810811,0.7027027027027027,3.324324324324324,4.027027027027027,0.7297297297297297,0.7027027027027027,0.43243243243243246,0.1891891891891892,0.24324324324324326,1.4594594594594594,0.9459459459459459,6.0,13.08918918918919,0.02702702702702703,0.0,1,0.071,1.04,11.7,0.044,0.205,0.125,11.3,0.616,0.629,0.147,99.11,0.102,31.756756756756758
2025-26,203501,Tim Hardaway Jr.,1610612743,DEN,34.0,80,26.591250000000002,4.35,9.7375,2.8,6.875,1.9875,2.45,0.2125,2.3625,2.575,1.35,0.5375,0.525,0.125,0.225,1.25,1.85,13.4875,20.015,0.0,0.0,1,0.07,2.51,10.7,0.008,0.082,0.047,4.3,0.591,0.624,0.177,101.24,0.085,56.0875
2025-26,202699,Tobias Harris,1610612765,DET,33.0,63,27.705555555555556,4.904761904761905,10.46031746031746,1.3015873015873016,3.5396825396825395,2.1587301587301586,2.492063492063492,0.873015873015873,4.253968253968254,5.126984126984127,2.492063492063492,1.0,0.9206349206349206,0.4126984126984127,0.5555555555555556,1.6984126984126984,1.6984126984126984,13.26984126984127,26.160317460317458,0.047619047619047616,0.0,1,0.12,2.49,16.7,0.03,0.145,0.088,6.7,0.531,0.574,0.181,100.9,0.112,58.23809523809524
2025-26,1643253,Toby Okani,1610612763,MEM,24.0,6,36.181666666666665,4.166666666666667,11.666666666666666,1.5,5.166666666666667,0.16666666666666666,1.3333333333333333,1.5,2.0,3.5,1.0,0.5,0.6666666666666666,0.5,1.0,3.3333333333333335,1.3333333333333333,10.0,18.7,0.0,0.0,1,0.039,2.0,7.2,0.034,0.053,0.043,3.6,0.421,0.408,0.142,106.9,0.013,80.5
2025-26,1642449,Tolu Smith,1610612765,DET,25.0,15,9.162777777777778,1.2,2.4,0.0,0.0,1.3333333333333333,2.0,1.4666666666666666,1.8,3.2666666666666666,0.8666666666666667,0.4666666666666667,0.13333333333333333,0.4,0.4666666666666667,1.5333333333333334,1.3333333333333333,3.7333333333333334,10.086666666666668,0.0,0.0,1,0.143,1.86,18.3,0.161,0.211,0.185,9.9,0.5,0.569,0.177,97.44,0.117,18.4
2025-26,1628396,Tony Bradley,1610612737,ATL,28.0,41,10.992357723577236,1.5609756097560976,2.8536585365853657,0.04878048780487805,0.0975609756097561,0.7804878048780488,1.048780487804878,1.4634146341463414,1.3658536585365855,2.8292682926829267,0.5365853658536586,0.43902439024390244,0.14634146341463414,0.17073170731707318,0.34146341463414637,1.5121951219512195,0.9024390243902439,3.951219512195122,8.663414634146342,0.0,0.0,2,0.077,1.22,12.4,0.111,0.133,0.121,10.2,0.556,0.596,0.136,102.19,0.074,23.365853658536587
2025-26,1641787,Tosan Evbuomwan,1610612766,CHA,25.0,5,1.5426666666666666,0.0,0.2,0.0,0.0,0.0,0.0,0.2,0.2,0.4,0.0,0.0,0.0,0.0,0.0,0.2,0.0,0.0,0.48,0.0,0.0,1,0.0,0.0,0.0,0.091,0.083,0.087,0.0,0.0,0.0,0.048,108.9,-0.043,3.6
2025-26,1641739,Toumani Camara,1610612757,POR,26.0,82,33.307764227642274,4.780487804878049,10.865853658536585,2.6707317073170733,7.219512195121951,1.1829268292682926,1.670731707317073,1.5731707317073171,3.5609756097560976,5.134146341463414,2.451219512195122,1.7560975609756098,1.146341463414634,0.4268292682926829,0.5365853658536586,2.8902439024390243,2.682926829268293,13.414634146341463,26.215853658536584,0.036585365853658534,0.0,1,0.103,1.4,15.5,0.043,0.103,0.072,11.1,0.563,0.578,0.16,102.27,0.073,70.73170731707317
2025-26,1629027,Trae Young,1610612764,WAS,27.0,15,25.583555555555556,5.4,11.8,1.8,5.333333333333333,5.333333333333333,6.466666666666667,0.26666666666666666,1.7333333333333334,2.0,8.0,2.6,0.8666666666666667,0.13333333333333333,0.13333333333333333,2.2,5.533333333333333,17.933333333333334,32.733333333333334,0.2,0.0,2,0.44,3.08,32.0,0.009,0.067,0.037,10.4,0.534,0.612,0.262,108.13,0.128,57.733333333333334
2025-26,1631218,Trayce Jackson-Davis,1610612761,TOR,26.0,53,9.359182389937107,1.3396226415094339,2.339622641509434,0.018867924528301886,0.018867924528301886,0.7169811320754716,1.3962264150943395,1.2452830188679245,1.490566037735849,2.7358490566037736,0.7358490566037735,0.4339622641509434,0.32075471698113206,0.4528301886792453,0.37735849056603776,0.8490566037735849,0.9811320754716981,3.4150943396226414,9.68867924528302,0.018867924528301886,0.0,2,0.122,1.7,17.8,0.124,0.158,0.14,10.5,0.577,0.578,0.142,103.78,0.1,20.28301886792453
2025-26,1642848,Tre Johnson,1610612764,WAS,20.0,60,24.046944444444442,4.516666666666667,10.783333333333333,1.9166666666666667,5.35,1.2666666666666666,1.45,0.48333333333333334,2.35,2.8333333333333335,2.033333333333333,1.55,0.55,0.3,0.16666666666666666,2.033333333333333,1.2333333333333334,12.216666666666667,19.666666666666668,0.0,0.0,1,0.122,1.31,13.6,0.018,0.093,0.055,10.3,0.508,0.535,0.22,104.38,0.068,52.4
2025-26,1630200,Tre Jones,1610612741,CHI,26.0,65,26.959589743589742,5.246153846153846,9.492307692307692,0.6307692307692307,2.0,2.9384615384615387,3.4923076923076923,0.5846153846153846,2.5538461538461537,3.1384615384615384,5.384615384615385,1.4153846153846155,1.1692307692307693,0.16923076923076924,0.7846153846153846,1.4461538461538461,2.876923076923077,14.061538461538461,28.504615384615384,0.07692307692307693,0.0,1,0.284,3.8,30.1,0.02,0.088,0.054,7.9,0.586,0.637,0.186,106.25,0.126,59.738461538461536
2025-26,1630544,Tre Mann,1610612766,CHA,25.0,53,12.6124213836478,2.056603773584906,5.716981132075472,0.9433962264150944,2.9245283018867925,0.4339622641509434,0.5094339622641509,0.37735849056603776,1.3584905660377358,1.7358490566037736,1.6226415094339623,1.0188679245283019,0.4716981132075472,0.09433962264150944,0.1509433962264151,1.3018867924528301,0.4528301886792453,5.490566037735849,10.686792452830188,0.0,0.0,1,0.223,1.59,18.9,0.028,0.114,0.068,11.8,0.442,0.462,0.231,97.44,0.062,25.471698113207548
2025-26,1630570,Trendon Watford,1610612755,PHI,25.0,53,16.296540880503144,2.6037735849056602,5.056603773584905,0.18867924528301888,0.9433962264150944,1.1320754716981132,1.4528301886792452,0.7169811320754716,2.5660377358490565,3.2830188679245285,2.490566037735849,1.2075471698113207,0.3018867924528302,0.41509433962264153,0.5094339622641509,2.018867924528302,1.490566037735849,6.528301886792453,15.147169811320754,0.018867924528301886,0.018867924528301886,1,0.229,2.06,26.6,0.041,0.146,0.094,12.9,0.534,0.573,0.17,103.23,0.093,35.15094339622642
2025-26,1642280,Trentyn Flowers,1610612741,CHI,21.0,2,2.775,1.0,1.5,0.0,0.5,0.0,0.0,0.5,0.0,0.5,0.5,0.5,0.0,0.0,0.0,0.5,0.0,2.0,2.85,0.0,0.0,1,0.5,1.0,20.0,0.1,0.0,0.077,20.0,0.667,0.667,0.25,95.14,0.128,5.5
2025-26,1630286,Trevon Scott,1610612751,BKN,29.0,6,30.372500000000002,3.1666666666666665,8.333333333333334,1.0,3.1666666666666665,0.6666666666666666,1.0,1.6666666666666667,3.5,5.166666666666667,1.6666666666666667,0.6666666666666666,1.3333333333333333,0.8333333333333334,0.5,2.0,1.0,8.0,22.53333333333333,0.0,0.0,1,0.078,2.5,15.2,0.053,0.133,0.089,6.1,0.44,0.456,0.136,99.43,0.053,62.833333333333336
2025-26,1631211,Trevor Keels,1610612748,MIA,22.0,8,1.8683333333333334,0.375,1.5,0.25,1.125,0.0,0.0,0.0,0.25,0.25,0.0,0.0,0.125,0.0,0.0,0.0,0.0,1.0,1.675,0.0,0.0,1,0.0,0.0,0.0,0.0,0.083,0.047,0.0,0.333,0.333,0.261,133.27,0.039,5.0
2025-26,1641725,Trey Alexander,1610612740,NOP,23.0,9,12.293703703703704,2.111111111111111,4.111111111111111,0.6666666666666666,1.3333333333333333,0.3333333333333333,0.5555555555555556,0.1111111111111111,1.1111111111111112,1.2222222222222223,1.0,0.3333333333333333,0.6666666666666666,0.2222222222222222,0.0,1.4444444444444444,0.6666666666666666,5.222222222222222,10.522222222222222,0.0,0.0,1,0.107,3.0,17.6,0.008,0.083,0.045,5.9,0.595,0.599,0.148,104.77,0.078,26.77777777777778
2025-26,1641998,Trey Jemison III,1610612752,NYK,26.0,13,6.276025641025641,0.46153846153846156,0.7692307692307693,0.0,0.0,0.07692307692307693,0.07692307692307693,0.6153846153846154,0.7692307692307693,1.3846153846153846,0.38461538461538464,0.7692307692307693,0.07692307692307693,0.15384615384615385,0.0,0.8461538461538461,0.23076923076923078,1.0,3.161538461538462,0.0,0.0,1,0.088,0.5,20.0,0.086,0.118,0.101,40.0,0.6,0.623,0.099,105.02,0.027,13.76923076923077
2025-26,1630530,Trey Murphy III,1610612740,NOP,26.0,66,35.46421717171717,7.484848484848484,15.909090909090908,3.242424242424242,8.56060606060606,3.303030303030303,3.727272727272727,0.9545454545454546,4.757575757575758,5.712121212121212,3.787878787878788,1.8181818181818181,1.5,0.36363636363636365,0.36363636363636365,2.090909090909091,2.9393939393939394,21.515151515151516,37.82424242424243,0.06060606060606061,0.0,1,0.16,2.08,16.5,0.026,0.131,0.078,7.9,0.572,0.613,0.223,101.71,0.122,75.21212121212122
2025-26,1642400,Tristan Enaruna,1610612739,CLE,25.0,9,9.45925925925926,1.5555555555555556,3.111111111111111,0.3333333333333333,1.1111111111111112,0.6666666666666666,0.8888888888888888,0.7777777777777778,0.7777777777777778,1.5555555555555556,0.7777777777777778,0.3333333333333333,0.5555555555555556,0.0,0.3333333333333333,0.3333333333333333,0.7777777777777778,4.111111111111111,8.477777777777778,0.0,0.0,1,0.101,2.33,17.1,0.096,0.085,0.09,7.3,0.554,0.587,0.16,99.8,0.105,19.88888888888889
2025-26,1641774,Tristan Vukcevic,1610612764,WAS,23.0,49,13.693469387755103,3.1020408163265305,6.469387755102041,1.0204081632653061,2.938775510204082,1.7755102040816326,2.2653061224489797,0.6530612244897959,2.3469387755102042,3.0,1.1224489795918366,1.2653061224489797,0.46938775510204084,0.673469387755102,0.2857142857142857,1.6734693877551021,1.6734693877551021,9.0,16.446938775510205,0.02040816326530612,0.0,1,0.133,0.89,11.4,0.046,0.162,0.104,12.9,0.558,0.603,0.259,105.7,0.11,30.122448979591837
2025-26,1641783,Tristan da Silva,1610612753,ORL,25.0,77,24.6682683982684,3.6233766233766236,8.051948051948052,1.5584415584415585,4.1688311688311686,1.0909090909090908,1.2337662337662338,0.7532467532467533,2.935064935064935,3.688311688311688,1.6103896103896105,0.8961038961038961,0.8831168831168831,0.3246753246753247,0.2987012987012987,1.5194805194805194,1.0389610389610389,9.896103896103897,19.464935064935066,0.0,0.0,1,0.092,1.8,14.5,0.03,0.115,0.073,8.1,0.547,0.576,0.16,100.96,0.085,52.116883116883116
2025-26,1641803,Tristen Newton,1610612745,HOU,25.0,1,12.0,4.0,9.0,2.0,5.0,2.0,3.0,2.0,1.0,3.0,0.0,0.0,1.0,0.0,1.0,0.0,3.0,12.0,18.6,0.0,0.0,1,0.0,0.0,0.0,0.143,0.077,0.111,0.0,0.556,0.581,0.345,100.0,0.149,25.0
2025-26,1629660,Ty Jerome,1610612763,MEM,28.0,15,22.57922222222222,6.8,14.333333333333334,2.8,6.666666666666667,3.2666666666666666,3.7333333333333334,0.7333333333333333,2.066666666666667,2.8,5.666666666666667,1.8,1.0666666666666667,0.26666666666666666,0.5333333333333333,2.066666666666667,2.6666666666666665,19.666666666666668,33.72666666666667,0.0,0.0,1,0.409,3.15,24.6,0.035,0.093,0.065,7.8,0.572,0.616,0.332,99.63,0.162,46.6
2025-26,1631102,TyTy Washington Jr.,1610612746,LAC,24.0,16,5.508020833333333,0.5625,1.1875,0.1875,0.5,0.0,0.0,0.0625,0.3125,0.375,1.0625,0.1875,0.375,0.1875,0.0625,0.4375,0.125,1.3125,4.85625,0.0,0.0,1,0.283,5.67,43.6,0.013,0.069,0.04,7.7,0.553,0.553,0.113,96.95,0.082,10.9375
2025-26,1631174,Tyler Burton,1610612763,MEM,26.0,12,25.561944444444446,3.5,9.333333333333334,1.8333333333333333,5.5,1.9166666666666667,2.25,0.6666666666666666,3.5,4.166666666666667,1.0,0.9166666666666666,0.9166666666666666,0.3333333333333333,0.5833333333333334,2.5833333333333335,1.75,10.75,20.083333333333332,0.0,0.0,1,0.062,1.09,8.2,0.023,0.137,0.076,7.5,0.473,0.521,0.18,103.12,0.061,55.0
2025-26,1629639,Tyler Herro,1610612748,MIA,26.0,33,31.292525252525255,7.484848484848484,15.606060606060606,2.5454545454545454,6.7272727272727275,3.0,3.272727272727273,0.42424242424242425,4.363636363636363,4.787878787878788,4.121212121212121,1.9393939393939394,0.696969696969697,0.36363636363636365,0.6363636363636364,1.878787878787879,2.606060606060606,20.515151515151516,33.68484848484848,0.0,0.0,1,0.199,2.13,17.9,0.013,0.129,0.071,8.4,0.561,0.602,0.248,103.33,0.122,67.45454545454545
2025-26,1642278,Tyler Kolek,1610612752,NYK,25.0,62,11.728413978494624,1.7419354838709677,4.0,0.7096774193548387,1.8387096774193548,0.22580645161290322,0.3225806451612903,0.25806451612903225,1.3225806451612903,1.5806451612903225,2.7419354838709675,0.8870967741935484,0.3548387096774194,0.06451612903225806,0.25806451612903225,1.0483870967741935,0.5483870967741935,4.419354838709677,10.8,0.03225806451612903,0.0,1,0.328,3.09,35.3,0.021,0.108,0.064,11.4,0.524,0.533,0.173,100.53,0.101,24.677419354838708
2025-26,1641890,Tyler Smith,1610612742,DAL,21.0,12,13.798611111111112,1.75,4.166666666666667,0.8333333333333334,2.9166666666666665,0.3333333333333333,0.5,1.0,1.75,2.75,0.4166666666666667,0.5,0.5,0.0,0.16666666666666666,1.0833333333333333,0.3333333333333333,4.666666666666667,9.591666666666667,0.0,0.0,1,0.041,0.83,7.8,0.059,0.117,0.086,9.4,0.52,0.532,0.135,107.55,0.059,30.666666666666668
2025-26,1631213,Tyrese Martin,1610612755,PHI,27.0,46,16.882826086956523,2.369565217391304,6.021739130434782,1.1521739130434783,3.5869565217391304,0.41304347826086957,0.6086956521739131,0.7391304347826086,1.7826086956521738,2.5217391304347827,1.6956521739130435,0.8695652173913043,0.5434782608695652,0.13043478260869565,0.17391304347826086,0.717391304347826,0.5217391304347826,6.304347826086956,13.02608695652174,0.0,0.0,2,0.163,1.95,19.2,0.04,0.112,0.074,9.9,0.489,0.501,0.178,97.87,0.077,34.34782608695652
2025-26,1630178,Tyrese Maxey,1610612755,PHI,25.0,70,38.01597619047619,9.914285714285715,21.442857142857143,3.142857142857143,8.557142857142857,5.314285714285714,5.957142857142857,0.34285714285714286,3.8,4.142857142857143,6.585714285714285,2.442857142857143,1.8571428571428572,0.7857142857142857,1.0,2.157142857142857,4.071428571428571,28.285714285714285,48.621428571428574,0.1,0.0,1,0.288,2.7,20.0,0.008,0.096,0.052,7.4,0.536,0.588,0.286,100.25,0.15,79.57142857142857
2025-26,1642878,Tyrese Proctor,1610612739,CLE,22.0,50,10.901733333333334,1.86,4.5,0.92,2.62,0.8,0.9,0.22,1.06,1.28,1.48,0.8,0.5,0.0,0.22,1.18,0.74,5.44,9.896,0.02,0.0,1,0.196,1.85,20.6,0.019,0.092,0.055,11.1,0.516,0.556,0.214,100.87,0.087,22.88
2025-26,1630623,Tyson Etienne,1610612751,BKN,26.0,24,15.834027777777777,2.4166666666666665,6.041666666666667,1.7916666666666667,4.5,1.25,1.5,0.20833333333333334,0.9166666666666666,1.125,1.6666666666666667,0.6666666666666666,0.4583333333333333,0.0,0.16666666666666666,1.9583333333333333,1.125,7.875,12.433333333333332,0.0,0.0,1,0.17,2.5,18.5,0.013,0.06,0.036,7.4,0.548,0.588,0.198,102.0,0.071,33.541666666666664
2025-26,1626145,Tyus Jones,1610612743,DEN,30.0,67,14.605646766169155,1.1343283582089552,3.253731343283582,0.5970149253731343,2.044776119402985,0.1044776119402985,0.13432835820895522,0.1791044776119403,0.9552238805970149,1.1343283582089552,2.373134328358209,0.373134328358209,0.5522388059701493,0.04477611940298507,0.11940298507462686,0.4626865671641791,0.22388059701492538,2.970149253731343,9.308955223880597,0.0,0.0,3,0.222,6.36,39.2,0.011,0.065,0.036,6.2,0.44,0.448,0.103,101.09,0.065,30.880597014925375
2025-26,1642845,VJ Edgecombe,1610612755,PHI,20.0,75,34.977399999999996,6.013333333333334,13.733333333333333,1.9866666666666666,5.613333333333333,1.9733333333333334,2.4133333333333336,1.6266666666666667,4.013333333333334,5.64,4.2,1.8266666666666667,1.4266666666666667,0.52,0.72,2.8533333333333335,1.92,15.986666666666666,33.068,0.09333333333333334,0.0,1,0.172,2.3,20.2,0.044,0.111,0.077,8.8,0.51,0.54,0.196,100.44,0.092,73.22666666666667
2025-26,1641705,Victor Wembanyama,1610612759,SAS,22.0,64,29.150755208333333,8.640625,16.875,1.90625,5.46875,5.8125,7.03125,2.03125,9.46875,11.5,3.109375,2.421875,1.03125,3.078125,0.515625,2.4375,6.265625,25.0,53.3703125,0.65625,0.015625,1,0.17,1.28,12.2,0.071,0.285,0.186,9.5,0.569,0.626,0.316,102.23,0.209,62.140625
2025-26,1631246,Vince Williams Jr.,1610612762,UTA,25.0,40,20.484875,2.575,7.3,1.375,4.425,0.975,1.25,0.975,2.9,3.875,4.15,1.75,0.725,0.4,0.275,2.0,1.325,7.5,20.0,0.025,0.0,2,0.281,2.37,30.1,0.044,0.123,0.084,12.7,0.447,0.478,0.19,102.34,0.085,43.675
2025-26,1642884,Vladislav Goldin,1610612748,MIA,25.0,9,2.6624074074074073,0.3333333333333333,0.4444444444444444,0.0,0.0,0.1111111111111111,0.1111111111111111,0.3333333333333333,0.6666666666666666,1.0,0.3333333333333333,0.3333333333333333,0.0,0.3333333333333333,0.0,0.5555555555555556,0.1111111111111111,0.7777777777777778,3.1444444444444444,0.0,0.0,1,0.136,1.0,30.0,0.111,0.214,0.164,30.0,0.75,0.788,0.101,121.19,0.105,6.444444444444445
2025-26,1630249,Vít Krejčí,1610612757,POR,26.0,65,21.416923076923077,2.953846153846154,6.6,1.9692307692307693,5.046153846153846,0.5846153846153846,0.7846153846153846,0.47692307692307695,1.8,2.276923076923077,1.5384615384615385,0.6307692307692307,0.7230769230769231,0.27692307692307694,0.15384615384615385,2.123076923076923,0.8461538461538461,8.461538461538462,15.870769230769229,0.0,0.0,2,0.099,2.44,17.0,0.02,0.081,0.05,7.0,0.597,0.609,0.142,103.2,0.068,46.01538461538462
2025-26,1631117,Walker Kessler,1610612762,UTA,24.0,5,30.796,5.2,7.4,1.2,1.6,2.8,4.0,4.6,6.2,10.8,3.0,3.2,1.4,1.8,1.0,4.4,2.4,14.4,38.260000000000005,0.4,0.0,1,0.155,0.94,19.5,0.149,0.183,0.167,20.8,0.784,0.786,0.167,98.04,0.138,62.8
2025-26,1642383,Walter Clayton Jr.,1610612763,MEM,23.0,69,20.44253623188406,2.5652173913043477,6.681159420289855,1.0869565217391304,3.536231884057971,1.5797101449275361,1.7536231884057971,0.36231884057971014,1.6521739130434783,2.0144927536231885,4.043478260869565,1.681159420289855,0.6376811594202898,0.2753623188405797,0.5652173913043478,1.7246376811594204,1.5942028985507246,7.797101449275362,17.33768115942029,0.014492753623188406,0.0,2,0.274,2.41,30.7,0.017,0.081,0.048,12.8,0.465,0.523,0.181,103.23,0.073,44.0
2025-26,1628976,Wendell Carter Jr.,1610612753,ORL,27.0,78,29.337841880341877,4.17948717948718,8.166666666666666,0.9230769230769231,2.8974358974358974,2.5384615384615383,3.2051282051282053,2.076923076923077,5.32051282051282,7.397435897435898,1.9743589743589745,1.2820512820512822,0.7692307692307693,0.6282051282051282,0.5512820512820513,3.423076923076923,2.91025641025641,11.820512820512821,26.56923076923077,0.15384615384615385,0.0,1,0.095,1.54,15.3,0.07,0.177,0.124,10.0,0.568,0.617,0.156,101.62,0.096,62.02564102564103
2025-26,1631111,Wendell Moore Jr.,1610612765,DET,24.0,6,9.925833333333333,0.6666666666666666,1.1666666666666667,0.0,0.16666666666666666,0.3333333333333333,0.3333333333333333,0.16666666666666666,0.8333333333333334,1.0,0.6666666666666666,0.16666666666666666,0.3333333333333333,0.3333333333333333,0.16666666666666666,0.5,0.5,1.6666666666666667,5.7,0.0,0.0,1,0.068,4.0,30.8,0.02,0.085,0.056,7.7,0.571,0.635,0.066,100.34,0.063,20.666666666666668
2025-26,1642954,Will Richard,1610612744,GSW,23.0,69,19.953695652173913,2.347826086956522,5.0144927536231885,1.0289855072463767,3.072463768115942,0.6666666666666666,0.782608695652174,0.9710144927536232,1.5217391304347827,2.4927536231884058,1.3478260869565217,0.7681159420289855,1.1594202898550725,0.13043478260869565,0.17391304347826086,1.8985507246376812,0.8695652173913043,6.391304347826087,14.505797101449275,0.0,0.0,1,0.094,1.75,18.1,0.045,0.078,0.061,10.3,0.571,0.596,0.123,102.86,0.063,42.768115942028984
2025-26,1642860,Will Riley,1610612764,WAS,20.0,74,22.060427927927925,3.6621621621621623,8.35135135135135,1.054054054054054,3.3378378378378377,1.945945945945946,2.4324324324324325,0.7567567567567568,2.108108108108108,2.864864864864865,1.972972972972973,1.2702702702702702,0.7297297297297297,0.12162162162162163,0.35135135135135137,1.2297297297297298,1.7567567567567568,10.324324324324325,18.005405405405405,0.02702702702702703,0.0,1,0.131,1.55,15.7,0.033,0.097,0.064,10.1,0.502,0.548,0.196,103.18,0.08,47.486486486486484
2025-26,1630214,Xavier Tillman,1610612766,CHA,27.0,30,6.129277777777777,0.6666666666666666,1.5333333333333334,0.1,0.6,0.03333333333333333,0.13333333333333333,0.6333333333333333,0.8,1.4333333333333333,0.43333333333333335,0.26666666666666666,0.3,0.16666666666666666,0.1,0.5,0.23333333333333334,1.4666666666666666,4.97,0.0,0.0,2,0.113,1.63,18.8,0.098,0.136,0.116,11.6,0.467,0.461,0.127,98.67,0.069,12.533333333333333
2025-26,1642905,Yang Hansen,1610612757,POR,21.0,43,6.974263565891473,0.7209302325581395,2.3255813953488373,0.11627906976744186,0.9767441860465116,0.6511627906976745,0.7906976744186046,0.46511627906976744,1.069767441860465,1.5348837209302326,0.5116279069767442,0.7441860465116279,0.06976744186046512,0.23255813953488372,0.2558139534883721,1.0,0.9069767441860465,2.2093023255813953,4.981395348837209,0.0,0.0,1,0.111,0.69,13.0,0.063,0.139,0.102,18.9,0.335,0.413,0.196,104.76,0.027,15.209302325581396
2025-26,1642949,Yanic Konan Niederhäuser,1610612746,LAC,23.0,41,10.333617886178862,1.5609756097560976,2.4390243902439024,0.024390243902439025,0.12195121951219512,1.146341463414634,1.5121951219512195,0.9024390243902439,1.951219512195122,2.8536585365853657,0.2926829268292683,0.5609756097560976,0.12195121951219512,0.7317073170731707,0.24390243902439024,1.6097560975609757,1.0975609756097562,4.2926829268292686,10.15609756097561,0.0,0.0,1,0.041,0.52,7.3,0.096,0.176,0.14,14.0,0.645,0.691,0.153,98.96,0.098,21.29268292682927
2025-26,1642530,Yuki Kawamura,1610612741,CHI,25.0,18,11.612222222222222,0.9444444444444444,2.888888888888889,0.6111111111111112,2.0555555555555554,0.9444444444444444,1.0555555555555556,0.3888888888888889,1.4444444444444444,1.8333333333333333,2.611111111111111,0.7777777777777778,0.5,0.0,0.1111111111111111,0.8333333333333334,1.0555555555555556,3.4444444444444446,10.283333333333333,0.0,0.0,1,0.266,3.36,39.2,0.032,0.118,0.074,11.7,0.433,0.514,0.133,107.59,0.082,26.22222222222222
2025-26,1642274,Yves Missi,1610612740,NOP,22.0,66,19.652070707070706,2.4242424242424243,4.454545454545454,0.0,0.015151515151515152,0.8636363636363636,1.5454545454545454,2.772727272727273,3.0606060606060606,5.833333333333333,1.2727272727272727,0.8181818181818182,0.30303030303030304,1.5303030303030303,0.3939393939393939,1.7121212121212122,1.196969696969697,5.712121212121212,19.303030303030305,0.07575757575757576,0.0,1,0.087,1.56,17.6,0.128,0.147,0.137,11.3,0.544,0.556,0.122,100.7,0.087,41.196969696969695
2025-26,1642258,Zaccharie Risacher,1610612737,ATL,21.0,67,22.436616915422885,3.6417910447761193,8.0,1.4179104477611941,3.8507462686567164,0.8656716417910447,1.3432835820895523,1.0597014925373134,2.7761194029850746,3.8358208955223883,1.1343283582089552,0.8656716417910447,0.8805970149253731,0.5373134328358209,0.44776119402985076,2.1940298507462686,1.1194029850746268,9.567164179104477,19.259701492537314,0.0,0.0,1,0.068,1.31,10.7,0.044,0.121,0.081,8.2,0.544,0.557,0.168,105.34,0.07,49.08955223880597
2025-26,1628380,Zach Collins,1610612741,CHI,28.0,10,18.37366666666667,3.7,6.4,0.9,2.1,1.4,2.0,1.6,4.0,5.6,1.5,1.0,0.2,0.4,0.2,1.8,1.9,9.7,19.47,0.1,0.0,1,0.114,1.5,15.5,0.081,0.205,0.143,10.3,0.648,0.666,0.177,104.24,0.123,40.1
2025-26,1641744,Zach Edey,1610612763,MEM,24.0,11,25.804696969696973,5.636363636363637,8.909090909090908,0.09090909090909091,0.45454545454545453,2.272727272727273,2.909090909090909,3.909090909090909,7.181818181818182,11.090909090909092,1.0909090909090908,2.3636363636363638,0.6363636363636364,1.9090909090909092,0.5454545454545454,3.3636363636363638,3.3636363636363638,13.636363636363637,33.85454545454545,0.45454545454545453,0.0,1,0.061,0.46,7.9,0.148,0.243,0.198,17.2,0.638,0.669,0.2,101.72,0.157,54.81818181818182
2025-26,203897,Zach LaVine,1610612758,SAC,31.0,39,31.39136752136752,6.717948717948718,14.025641025641026,2.5384615384615383,6.512820512820513,3.2051282051282053,3.641025641025641,0.20512820512820512,2.5641025641025643,2.769230769230769,2.282051282051282,1.8974358974358974,0.717948717948718,0.2564102564102564,0.6410256410256411,2.076923076923077,2.4871794871794872,19.17948717948718,26.95128205128205,0.0,0.0,1,0.111,1.2,11.5,0.006,0.083,0.044,9.6,0.569,0.614,0.234,100.47,0.096,65.84615384615384
2025-26,1630192,Zeke Nnaji,1610612743,DEN,25.0,52,12.03823717948718,1.3653846153846154,2.9038461538461537,0.2692307692307692,1.0384615384615385,0.6538461538461539,0.8461538461538461,0.6346153846153846,1.9807692307692308,2.6153846153846154,0.5576923076923077,0.5192307692307693,0.3269230769230769,0.46153846153846156,0.3269230769230769,1.3653846153846154,0.7692307692307693,3.6538461538461537,9.475,0.038461538461538464,0.0,1,0.069,1.07,12.8,0.053,0.147,0.103,11.9,0.517,0.558,0.136,99.34,0.07,24.71153846153846
2025-26,1630533,Ziaire Williams,1610612751,BKN,24.0,56,22.879761904761903,3.2857142857142856,7.732142857142857,1.5357142857142858,4.482142857142857,2.125,2.5,0.5357142857142857,1.8571428571428572,2.392857142857143,1.0714285714285714,1.0535714285714286,1.3571428571428572,0.375,0.35714285714285715,2.0714285714285716,2.0535714285714284,10.232142857142858,18.853571428571428,0.0,0.0,1,0.076,1.02,9.9,0.022,0.084,0.052,9.7,0.524,0.579,0.179,100.4,0.079,47.767857142857146
2025-26,1629627,Zion Williamson,1610612740,NOP,25.0,62,29.69456989247312,7.806451612903226,13.016129032258064,0.016129032258064516,0.06451612903225806,5.370967741935484,7.5,2.0161290322580645,3.6774193548387095,5.693548387096774,3.2096774193548385,2.032258064516129,0.967741935483871,0.5483870967741935,1.3225806451612903,2.274193548387097,5.225806451612903,21.0,35.16290322580645,0.0967741935483871,0.0,1,0.174,1.58,14.9,0.064,0.116,0.09,9.4,0.6,0.644,0.25,103.58,0.141,64.03225806451613
2025-26,1642389,Zyon Pullin,1610612750,MIN,25.0,5,8.516666666666667,1.8,2.6,0.2,0.6,0.8,0.8,0.2,0.4,0.6,1.8,0.6,0.2,0.0,0.4,1.2,0.4,4.6,8.02,0.0,0.0,1,0.281,3.0,33.3,0.03,0.035,0.033,11.1,0.731,0.779,0.167,108.77,0.11,19.6
